"Variable / Field Name","Form Name","Section Header","Field Type","Field Label","Choices, Calculations, OR Slider Labels","Field Note","Text Validation Type OR Show Slider Number","Text Validation Min","Text Validation Max",Identifier?,"Branching Logic (Show field only if...)","Required Field?","Custom Alignment","Question Number (surveys only)","Matrix Group Name","Matrix Ranking?","Field Annotation"
record_id,june_covid19_participant_experience_cope_survey,,text,"Record ID",,,,,,,,,,,,,
cope_jun,june_covid19_participant_experience_cope_survey,,descriptive,"June 2020 Covid-19 Participant Experience (COPE) Survey",,"Start Date: 6/2/2020; End Date: 6/26/2020",,,,,,,,,,,"Launched 6/2/2020-6/26/2020 (PTSC & CE)."
section_intro,june_covid19_participant_experience_cope_survey,,descriptive,"What should I know before participating?

The All of Us Research Program is interested in understanding the changes in your experiences and health during the time of the coronavirus disease 2019 (COVID-19) pandemic. Help us learn more by completing this survey. Participating in this survey may help researchers around the world better understand the impact of COVID-19 during this challenging time. The All of Us Research Program will repeat this survey throughout the pandemic.

The questions in this survey may be sensitive and may cause worry or anxiety. Remember, your privacy is very important to us. Your name and identity will be separated from your answers before information is shared with approved researchers. 

No one will monitor your answers in real time. But, based on your answers, the system may suggest free phone and text resources to help you.",,,,,,,,,,,,,
section_participation,june_covid19_participant_experience_cope_survey,,radio,"You can choose not to answer any question at any time. This survey will take approximately 20 to 30 minutes to complete.","COPE_A_44, Yes, I'm ready to take the survey now. | COPE_A_231, Yes, I would like to take the survey at a later time. | COPE_A_13, No, I do not want to take the survey.","Start Date: 5/7/2020 EXCEPT cope_a_231: 6/2/2020; End Date: 3/5/2021",,,,,,y,LV,,,,REGISTERED_ANSWERS_BUCKETED
section_instructions,june_covid19_participant_experience_cope_survey,,descriptive,"Please answer each question as honestly as possible. We are looking for your own answers, and not what you think your doctors, family, or friends want you to say.

Don't feel like you must spend a long time on each question. The first answer that comes to you is usually the best one. If you aren't sure how to answer a question, choose the best answer from the options given. 

Some questions also let you say if you don't know an answer or would rather not answer. Some of the questions may be sensitive. You can choose not to answer any question.",,,,,,,,,,,,,
cdc_covid_19_21,june_covid19_participant_experience_cope_survey,"Social Distancing Experiences

The following questions ask about your experiences with social distancing. Social distancing means keeping space between yourself and other people outside of your home.",radio,"In the past month, have recommendations for socially distancing caused stress for you?","COPE_A_43, A lot | COPE_A_3, Somewhat | COPE_A_67, A little | COPE_A_168, Not at all","Start Date: 5/7/2020; End Date: 3/5/2021",,,,,,,LV,,,,
msds_9,june_covid19_participant_experience_cope_survey,,radio,"Thinking about your current social habits, in the last 5 days:
I have stayed home all day (aside from time spent outdoors, but never closer than 6 feet from people who are not from my home).","COPE_A_171, None of the days (0 days) | COPE_A_53, A few days (1-2 days) | COPE_A_127, Most days (3-4 days) | COPE_A_150, Every day","Start Date: 5/7/2020; End Date: 3/5/2021",,,,,,,LV,,,,
msds_10,june_covid19_participant_experience_cope_survey,,radio,"Thinking about your current social habits, in the last 5 days:
I have gone to my workplace or volunteer site that is outside my home.","COPE_A_171, None of the days (0 days) | COPE_A_53, A few days (1-2 days) | COPE_A_127, Most days (3-4 days) | COPE_A_150, Every day","Start Date: 5/7/2020; End Date: 3/5/2021",,,,,,,LV,,,,
msds_11,june_covid19_participant_experience_cope_survey,,radio,"Thinking about your current social habits, in the last 5 days:
I have attended social gatherings outside my home of MORE than 10 people.","COPE_A_171, None of the days (0 days) | COPE_A_53, A few days (1-2 days) | COPE_A_127, Most days (3-4 days) | COPE_A_150, Every day","Start Date: 5/7/2020; End Date: 3/5/2021",,,,,,,LV,,,,
msds_12,june_covid19_participant_experience_cope_survey,,radio,"Thinking about your current social habits, in the last 5 days:
I have attended social gatherings outside my home of LESS than 10 people.","COPE_A_171, None of the days (0 days) | COPE_A_53, A few days (1-2 days) | COPE_A_127, Most days (3-4 days) | COPE_A_150, Every day","Start Date: 5/7/2020; End Date: 3/5/2021",,,,,,,LV,,,,
msds_13,june_covid19_participant_experience_cope_survey,,radio,"Thinking about your current social habits, in the last 5 days:
I have gone on shopping trips or outings that were ""just for fun"".","COPE_A_171, None of the days (0 days) | COPE_A_53, A few days (1-2 days) | COPE_A_127, Most days (3-4 days) | COPE_A_150, Every day","Start Date: 5/7/2020; End Date: 3/5/2021",,,,,,,LV,,,,
msds_14,june_covid19_participant_experience_cope_survey,,radio,"Thinking about your current social habits, in the last 5 days:
I have visited nursing homes or long-term care facilities (outside of work duties).","COPE_A_171, None of the days (0 days) | COPE_A_53, A few days (1-2 days) | COPE_A_127, Most days (3-4 days) | COPE_A_150, Every day","Start Date: 5/7/2020; End Date: 3/5/2021",,,,,,,LV,,,,
msds_15,june_covid19_participant_experience_cope_survey,,radio,"Thinking about your current social habits, in the last 5 days:
I have been in close contact with someone who is in a risk group for COVID-19 (adults age 50+, people with chronic medical conditions like heart, lung, liver, or kidney disease, diabetes, high blood pressure, or a suppressed immune system). This includes someone inside or outside of your household.","COPE_A_171, None of the days (0 days) | COPE_A_53, A few days (1-2 days) | COPE_A_127, Most days (3-4 days) | COPE_A_150, Every day | COPE_A_202, I don't know","Start Date: 5/7/2020; End Date: 3/5/2021",,,,,,,LV,,,,
msds_16,june_covid19_participant_experience_cope_survey,,radio,"Thinking about these activities in the last 5 days, my social interaction with people outside my home was","COPE_A_138, A lot less than normal | COPE_A_78, Somewhat less than normal | COPE_A_146, About the same as normal | COPE_A_64, More than normal | COPE_A_26, A lot more than normal","Start Date: 5/7/2020; End Date: 3/5/2021",,,,,,,LV,,,,
msds_18,june_covid19_participant_experience_cope_survey,,radio,"Now, thinking about the COVID-19 recommendations and mandates...How often in the past month are you doing the recommended pandemic hygiene, like washing hands frequently, avoiding touching your face, covering coughs, wearing a mask, and avoiding frequently touched surfaces in public places?
","COPE_A_129, All of the time | COPE_A_194, Most of the time | COPE_A_151, Sometimes | COPE_A_41, Rarely","Start Date: 5/7/2020; End Date: 3/5/2021",,,,,,,LV,,,,
cdc_covid_19_7_xx22,june_covid19_participant_experience_cope_survey,"COVID-19 Related Symptoms

The next questions ask about your experience with COVID-19 or flu-like symptoms.",radio,"In the past month, have you been sick for more than one day with a new illness related to COVID-19 or flu-like symptoms?","COPE_A_44, Yes | COPE_A_13, No","Start Date: 5/7/2020; End Date: 3/5/2021",,,,,,,LV,,,,
cdc_covid_19_7_xx22_date,june_covid19_participant_experience_cope_survey,,text,"Approximate date of onset",,"Start Date: 5/7/2020; End Date: 3/5/2021",date_mdy,,,,"[cdc_covid_19_7_xx22] = 'COPE_A_44'",,LV,,,,REGISTERED_QUESTION_SUPPRESSED
cdc_covid_19_7_xx23,june_covid19_participant_experience_cope_survey,,checkbox,"Which of the following symptoms did you have? (select all that apply)","COPE_A_54, A fever/feverish | COPE_A_20, Cough | COPE_A_83, Sore or painful throat | COPE_A_40, Runny or stuffy nose | COPE_A_192, Difficulty breathing or shortness of breath | COPE_A_65, Unusual fatigue | COPE_A_49, Unusually strong muscle pains/aches | COPE_A_96, Headache | COPE_A_69, Dizziness or light-headedness | COPE_A_239, Confusion, disorientation, or drowsiness | COPE_A_122, Loss of smell or taste | COPE_A_36, Unusual eye soreness or discomfort (e.g., light sensitivity, pink eye, or excessive tears) | COPE_A_183, Unusually hoarse voice | COPE_A_39, Unusual chest pain or tightness in your chest | COPE_A_188, Unusual abdominal pain or stomachache | COPE_A_114, Diarrhea | COPE_A_105, Nausea | COPE_A_185, Skipping meals | COPE_A_240, Raised, red, itchy, welts on the skin or sudden swelling of the face or lips | COPE_A_241, Red/purple sores or blisters on your feet, including your toes","Start Date: 5/7/2020; End Date: 3/5/2021",,,,,"[cdc_covid_19_7_xx22] = 'COPE_A_44'",,LV,,,,
copect_17,june_covid19_participant_experience_cope_survey,,checkbox,"Have you EVER been near someone that you know, or suspect, had COVID-19 (such as co-workers, family members, or others)? Select all that apply.","COPE_A_199, Yes, known COVID-19 | COPE_A_32, Yes, suspected COVID-19 | COPE_A_2, Not that I know of","Start Date: 5/7/2020; End Date: 3/5/2021",,,,,,,LV,,,,
copect_40_xx15,june_covid19_participant_experience_cope_survey,,radio,"Do you think you have had COVID-19?","COPE_A_44, Yes | COPE_A_13, No | COPE_A_203, Maybe","Start Date: 5/7/2020; End Date: 3/5/2021",,,,,,,LV,,,,REGISTERED_ANSWERS_BUCKETED
cdc_covid_19_9_xx25,june_covid19_participant_experience_cope_survey,"COVID-19 Related Testing

The next questions ask about your experiences with testing related to COVID-19 symptoms in the past month.",radio,"Were you tested for COVID-19 in the past month?","COPE_A_44, Yes | COPE_A_13, No | COPE_A_14, Unknown","Start Date: 5/7/2020; End Date: 3/5/2021",,,,,,,LV,,,,REGISTERED_ANSWERS_BUCKETED
cdc_covid_19_9_xx24,june_covid19_participant_experience_cope_survey,,radio,"Was the test for COVID-19 positive?","COPE_A_44, Yes | COPE_A_13, No | COPE_A_14, Unknown | COPE_A_117, Waiting for results","Start Date: 5/7/2020; End Date: 3/5/2021",,,,,"[cdc_covid_19_9_xx25] = 'COPE_A_44'",,LV,,,,REGISTERED_QUESTION_SUPPRESSED
cdc_covid_19_n_a,june_covid19_participant_experience_cope_survey,,checkbox,"How were you tested? Select all that apply.","COPE_A_166, Nasal swab | COPE_A_124, Throat Swab | COPE_A_55, Blood Sample","Start Date: 5/7/2020; End Date: 3/5/2021",,,,,"[cdc_covid_19_9_xx25] = 'COPE_A_44'",,LV,,,,REGISTERED_QUESTION_SUPPRESSED
cdc_covid_19_9b,june_covid19_participant_experience_cope_survey,,radio,"Were you tested for influenza (flu) in the past month?","COPE_A_44, Yes | COPE_A_13, No | COPE_A_14, Unknown","Start Date: 5/7/2020; End Date: 3/5/2021",,,,,,,LV,,,,REGISTERED_ANSWERS_BUCKETED
copect_63_xx20,june_covid19_participant_experience_cope_survey,"COVID-19 Related Treatment

The next questions ask about treatments you might have received that are associated with COVID-19 in the past month.",checkbox,"In the past month, if you were sick with COVID-19 symptoms, how did you receive treatment(s)? Please select all that apply.","COPE_A_175, I didn't, I wasn't sick | COPE_A_141, I recovered at home | COPE_A_77, I spoke with a healthcare professional and wasn't admitted to the hospital | COPE_A_9, I was admitted to the hospital for at least one night","Start Date: 5/7/2020; End Date: 3/5/2021 EXCEPT cope_a_175: 9/25/2020",,,,,,,LV,,,,REGISTERED_ANSWERS_BUCKETED
copect_63_xx21,june_covid19_participant_experience_cope_survey,,checkbox,"What breathing treatment did you receive? Please select all that apply.","COPE_A_155, I did not receive breathing treatment | COPE_A_136, Oxygen (through an oxygen mask or tube under my nose, no pressure applied) | COPE_A_91, Oxygen (through an oxygen mask, which pushes oxygen into your lungs) | COPE_A_130, A breathing machine (ventilator) with a tube down my throat | COPE_A_226, Other breathing treatment","Start Date: 5/7/2020; End Date: 3/5/2021",,,,,"[copect_63_xx20(COPE_A_9)] = '1'",,LV,,,,REGISTERED_QUESTION_SUPPRESSED
cope_a_126,june_covid19_participant_experience_cope_survey,,text,"What other breathing treatment did you receive? Please specify",,"Start Date: 5/7/2020; End Date: 3/5/2021",,,,,"[copect_63_xx21(COPE_A_226)] = '1'",,LV,,,,"REGISTERED_QUESTION_SUPPRESSED, CONTROLLED_QUESTION_SUPPRESSED"
ies_r_6_1,june_covid19_participant_experience_cope_survey,"COVID-19 Related Impact

Please indicate how much you felt each of the following within the last week. Please choose the answer that best applies to your situation within the past 7 days.",radio,"In the past 7 days, I thought about COVID-19 when I didn't mean to.","COPE_A_168, Not at all | COPE_A_21, A little bit | COPE_A_139, Moderately | COPE_A_72, Quite a bit | COPE_A_93, Extremely","Start Date: 5/7/2020; End Date: 9/25/2020 EXCEPT cope_a_168: 3/5/2021",,,,,,,LV,,,,
ies_r_6_2,june_covid19_participant_experience_cope_survey,,radio,"In the past 7 days, I felt watchful or on-guard.","COPE_A_168, Not at all | COPE_A_21, A little bit | COPE_A_139, Moderately | COPE_A_72, Quite a bit | COPE_A_93, Extremely","Start Date: 5/7/2020; End Date: 9/25/2020 EXCEPT cope_a_168: 3/5/2021",,,,,,,LV,,,,
ies_r_6_3,june_covid19_participant_experience_cope_survey,,radio,"In the past 7 days, other things kept making me think about COVID-19.","COPE_A_168, Not at all | COPE_A_21, A little bit | COPE_A_139, Moderately | COPE_A_72, Quite a bit | COPE_A_93, Extremely","Start Date: 5/7/2020; End Date: 9/25/2020 EXCEPT cope_a_168: 3/5/2021",,,,,,,LV,,,,
ies_r_6_4,june_covid19_participant_experience_cope_survey,,radio,"In the past 7 days, I was aware that I still had a lot of feelings about COVID-19, but I didn't deal with them.","COPE_A_168, Not at all | COPE_A_21, A little bit | COPE_A_139, Moderately | COPE_A_72, Quite a bit | COPE_A_93, Extremely","Start Date: 5/7/2020; End Date: 9/25/2020 EXCEPT cope_a_168: 3/5/2021",,,,,,,LV,,,,
ies_r_6_5,june_covid19_participant_experience_cope_survey,,radio,"In the past 7 days, I tried not to think about COVID-19.","COPE_A_168, Not at all | COPE_A_21, A little bit | COPE_A_139, Moderately | COPE_A_72, Quite a bit | COPE_A_93, Extremely","Start Date: 5/7/2020; End Date: 9/25/2020 EXCEPT cope_a_168: 3/5/2021",,,,,,,LV,,,,
ies_r_6_6,june_covid19_participant_experience_cope_survey,,radio,"In the past 7 days, I had trouble concentrating.","COPE_A_168, Not at all | COPE_A_21, A little bit | COPE_A_139, Moderately | COPE_A_72, Quite a bit | COPE_A_93, Extremely","Start Date: 5/7/2020; End Date: 9/25/2020 EXCEPT cope_a_168: 3/5/2021",,,,,,,LV,,,,
cdc_covid_19_18,june_covid19_participant_experience_cope_survey,,checkbox,"In the past month, how has the COVID-19 outbreak affected you? Please select all that apply.","COPE_A_135, Worked remotely or from home more than you usually do | COPE_A_101, Worked more hours than usual | COPE_A_12, Worked reduced hours | COPE_A_90, Was not able to work due to COVID-19 related illness | COPE_A_71, I became unemployed | COPE_A_92, Had difficulty arranging for childcare | COPE_A_147, Incurred increased costs for childcare expenses | COPE_A_5, Worked with children at home with me | COPE_A_179, Income or pay has been reduced | COPE_A_17, Not paid at all | COPE_A_87, Had serious financial problems | COPE_A_236, None of the above","Start Date: 5/7/2020; End Date: 3/5/2021",,,,,,,LV,,,,
cdc_covid_19_23,june_covid19_participant_experience_cope_survey,,checkbox,"In the past month, have you experienced the following as a result of COVID-19? Select all that apply.","COPE_A_149, Not enough money to pay rent | COPE_A_164, Not enough money to pay for gas | COPE_A_165, Not enough money to pay for food | COPE_A_112, Not enough money to pay for medications | COPE_A_162, Did not have a regular place to sleep or stay | COPE_A_236, None of the above","Start Date: 5/7/2020; End Date: 3/5/2021",,,,,,,LV,,,,
cdc_covid_19_26,june_covid19_participant_experience_cope_survey,,checkbox,"In the past month, have the following behaviors increased in your household? Select all that apply.","COPE_A_27, Interpersonal conflict with family members or loved ones | COPE_A_81, Snapping at or yelling at family members | COPE_A_195, Interpersonal conflict with friends or coworkers | COPE_A_236, None of the above","Start Date: 5/7/2020; End Date: 3/5/2021",,,,,,,LV,,,,
cdc_covid_19_25,june_covid19_participant_experience_cope_survey,,checkbox,"In the past month, to cope with social distancing and isolation, are you doing any of the following? Select all that apply.","COPE_A_82, Taking breaks from watching, reading, or listening to news stories, including social media | COPE_A_115, Increasing watching, reading, or listening to news stories, including social media | COPE_A_157, Taking care of your body, such as taking deep breaths, stretching, or meditating | COPE_A_97, Engaging in healthy behaviors like trying to eat healthy, well-balanced meals, exercising regularly, getting plenty of sleep, or avoiding alcohol and drugs | COPE_A_173, Making time to relax | COPE_A_48, Connecting with others, including talking with people you trust about your concerns and how you are feeling | COPE_A_182, Contacting a healthcare provider | COPE_A_110, Smoking more cigarettes or vaping more | COPE_A_79, Drinking alcohol more than usual | COPE_A_74, Using prescription drugs (like valium, etc.) more than usual | COPE_A_28, Using non-prescription drugs more than usual | COPE_A_1, Using cannabis or marijuana more than usual | COPE_A_118, Eating high fat or sugary foods more than usual | COPE_A_123, Cutting or self-injury more than usual | COPE_A_156, Over exercise | COPE_A_121, Eating more food than usual | COPE_A_178, Eating less food than usual | COPE_A_236, None of the above","Start Date: 5/7/2020; End Date: 3/5/2021",,,,,,,LV,,,,
lot_r_1,june_covid19_participant_experience_cope_survey,"General Well-Being

We would like to know how you feel about things in general.",radio,"Choose the answer that best describes how you felt in the past month.
In uncertain times, I usually expect the best.","COPE_A_76, I agree a lot | COPE_A_47, I agree a little | COPE_A_80, I neither agree nor disagree | COPE_A_59, I Disagree a little | COPE_A_143, I Disagree a lot","Start Date: 5/7/2020; End Date: 9/25/2020",,,,,,,LV,,,,
ukmh_j1,june_covid19_participant_experience_cope_survey,,radio,"Choose the answer that best describes how you felt in the past month.
In general, how happy are you?","COPE_A_19, Extremely happy | COPE_A_38, Very happy | COPE_A_7, Moderately happy | COPE_A_31, Moderately unhappy | COPE_A_140, Very unhappy | COPE_A_144, Extremely unhappy | COPE_A_202, Don't know | COPE_A_30, Prefer not to answer","Start Date: 5/7/2020; End Date: 9/25/2020 EXCEPT {cope_a_202, cope_a_30}: 3/5/2021",,,,,,,LV,,,,
ukmh_j3,june_covid19_participant_experience_cope_survey,,radio,"Choose the answer that best describes how you felt in the past month.
To what extent do you feel your life to be meaningful?","COPE_A_168, Not at all | COPE_A_67, A little | COPE_A_200, A moderate amount | COPE_A_10, Very much | COPE_A_132, An extreme amount | COPE_A_202, Don't know | COPE_A_30, Prefer not to answer","Start Date: 5/7/2020; End Date: 9/25/2020 EXCEPT {cope_a_168, cope_a_67, cope_a_202, cope_a_30}: 3/5/2021",,,,,,,LV,,,,
basics_xx,june_covid19_participant_experience_cope_survey,"Basic Information

The next questions ask about circumstances that affect your general health.",text,"Not including yourself, how many other people live at home with you? ",,"Start Date: 5/7/2020; End Date: 3/5/2021",number,0,,,,,LV,,,,REGISTERED_QUESTION_SUPPRESSED
basics_xx20,june_covid19_participant_experience_cope_survey,,text,"Think of other people who live with you. How many are under the age of 18 years?",,"Start Date: 5/7/2020; End Date: 3/5/2021",number,0,,,"[basics_xx] > 0",,LV,,,,REGISTERED_QUESTION_SUPPRESSED
cu_covid,june_covid19_participant_experience_cope_survey,,radio,"What type of household do you live in?","COPE_A_205, Studio | COPE_A_206, One-bedroom apartment | COPE_A_207, Two-bedroom apartment | COPE_A_208, Three-bedroom (or more) apartment | COPE_A_209, Townhouse | COPE_A_210, Free-standing house | COPE_A_211, Nursing home, or rehab facility | COPE_A_212, Homeless | COPE_A_204, Other | COPE_A_30, Prefer not to answer","Start Date: 5/7/2020; End Date: 3/5/2021",,,,,,,LV,,,,
cu_covid_cope_a_204,june_covid19_participant_experience_cope_survey,,text,"Please specify.",,"Start Date: 5/7/2020; End Date: 3/5/2021",,,,,"[cu_covid] = 'COPE_A_204'",,LV,,,,"REGISTERED_QUESTION_SUPPRESSED, CONTROLLED_QUESTION_SUPPRESSED"
basics_12,june_covid19_participant_experience_cope_survey,,checkbox,"What is your current employment status? Select all that apply.","COPE_A_106, Employed for wages (part- time or full-time) | COPE_A_186, Self-employed | COPE_A_153, Out of work for 1 year or more | COPE_A_61, Out of work for less than 1 year | COPE_A_142, A homemaker | COPE_A_50, A student | COPE_A_196, Retired | COPE_A_128, Unable to work (disabled) | COPE_A_30, Prefer not to answer","Start Date: 5/7/2020; End Date: 3/5/2021",,,,,,,LV,,,,REGISTERED_ANSWERS_BUCKETED
basics_11,june_covid19_participant_experience_cope_survey,,radio,"Are you covered by health insurance or some other kind of health care plan?","COPE_A_44, Yes | COPE_A_13, No | COPE_A_202, Don't know | COPE_A_30, Prefer not to answer","Start Date: 5/7/2020; End Date: 3/5/2021",,,,,,,LV,,,,
basics_11a,june_covid19_participant_experience_cope_survey,,checkbox,"Are you currently covered by any of the following types of health insurance or health care plans? Select all that apply.","COPE_A_170, Insurance purchased directly from an insurance company (by you or another family member) | COPE_A_63, Insurance through a current or former employer or union (by you or another family member) | COPE_A_193, Medicare, for people 65 and older or people with certain disabilities | COPE_A_134, Medicaid, Medical Assistance, or any kind of government-assistance plan for those with low incomes or disability | COPE_A_109, TRICARE or other military health care | COPE_A_181, Veterans Affairs (VA) (including those who have ever used or enrolled for VA health care) | COPE_A_68, Indian Health Service | COPE_A_33, Any other type of health insurance or health coverage plan | COPE_A_60, I don't have health insurance, self-pay","Start Date: 5/7/2020; End Date: 3/5/2021",,,,,"[basics_11] = 'COPE_A_44'",,LV,,,,
basics_11a_cope_a_33,june_covid19_participant_experience_cope_survey,,text,"Other health insurance or health coverage plan. Please specify.",,"Start Date: 5/7/2020; End Date: 3/5/2021",,,,,"[basics_11a(COPE_A_33)] = '1'",,LV,,,,"REGISTERED_QUESTION_SUPPRESSED, CONTROLLED_QUESTION_SUPPRESSED"
copect_54,june_covid19_participant_experience_cope_survey,,radio,"Are you currently on chemotherapy or immunotherapy?","COPE_A_44, Yes | COPE_A_13, No","Start Date: 5/7/2020; End Date: 9/25/2020",,,,,,,LV,,,,
copect_58,june_covid19_participant_experience_cope_survey,,radio,"Do you regularly take immunosuppressant medications (including steroids, methotrexate, biologic agents)?","COPE_A_44, Yes | COPE_A_13, No","Start Date: 5/7/2020; End Date: 9/25/2020",,,,,,,LV,,,,
basics_8,june_covid19_participant_experience_cope_survey,,radio,"What is your current marital status?","COPE_A_116, Married | COPE_A_133, Divorced | COPE_A_58, Widowed | COPE_A_177, Separated | COPE_A_163, Never married | COPE_A_104, Living with partner | COPE_A_30, Prefer not to answer","Start Date: 5/7/2020; End Date: 9/25/2020 EXCEPT cope_a_30: 3/5/2021",,,,,,,LV,,,,
overallhealth_14b,june_covid19_participant_experience_cope_survey,,radio,"Are you currently pregnant?","COPE_A_13, No | COPE_A_44, Yes | COPE_A_52, Not sure | COPE_A_30, Prefer not to answer","Start Date: 5/7/2020; End Date: 3/5/2021",,,,,,,LV,,,,
mos_ss_1,june_covid19_participant_experience_cope_survey,"Social Support

People sometimes look to others for friendship and help. We want to know how social support affects your health. Each of the following statements describes a type of social support. ",radio,"Choose the answer that best describes how often you can find this kind of support in the past month.
Someone to help you if you were confined to bed","COPE_A_99, None of the time | COPE_A_95, A little of the time | COPE_A_158, Some of the time | COPE_A_102, Most of the time | COPE_A_129, All of the time","Start Date: 5/7/2020; End Date: 9/25/2020 EXCEPT {cope_a_158, cope_a_102, cope_a_129}: 3/5/2021",,,,,,,LV,,,,
mos_ss_2,june_covid19_participant_experience_cope_survey,,radio,"Choose the answer that best describes how often you can find this kind of support in the past month.
Someone to take you to the doctor if you needed it","COPE_A_99, None of the time | COPE_A_95, A little of the time | COPE_A_158, Some of the time | COPE_A_102, Most of the time | COPE_A_129, All of the time","Start Date: 5/7/2020; End Date: 9/25/2020 EXCEPT {cope_a_158, cope_a_102, cope_a_129}: 3/5/2021",,,,,,,LV,,,,
mos_ss_3,june_covid19_participant_experience_cope_survey,,radio,"Choose the answer that best describes how often you can find this kind of support in the past month.
Someone to prepare your meals if you were unable to do it yourself","COPE_A_99, None of the time | COPE_A_95, A little of the time | COPE_A_158, Some of the time | COPE_A_102, Most of the time | COPE_A_129, All of the time","Start Date: 5/7/2020; End Date: 9/25/2020 EXCEPT {cope_a_158, cope_a_102, cope_a_129}: 3/5/2021",,,,,,,LV,,,,
mos_ss_4,june_covid19_participant_experience_cope_survey,,radio,"Choose the answer that best describes how often you can find this kind of support in the past month.
Someone to help with daily chores if you were sick","COPE_A_99, None of the time | COPE_A_95, A little of the time | COPE_A_158, Some of the time | COPE_A_102, Most of the time | COPE_A_129, All of the time","Start Date: 5/7/2020; End Date: 9/25/2020 EXCEPT {cope_a_158, cope_a_102, cope_a_129}: 3/5/2021",,,,,,,LV,,,,
mos_ss_5,june_covid19_participant_experience_cope_survey,,radio,"Choose the answer that best describes how often you can find this kind of support in the past month.
Someone to have a good time with","COPE_A_99, None of the time | COPE_A_95, A little of the time | COPE_A_158, Some of the time | COPE_A_102, Most of the time | COPE_A_129, All of the time","Start Date: 5/7/2020; End Date: 9/25/2020 EXCEPT {cope_a_158, cope_a_102, cope_a_129}: 3/5/2021",,,,,,,LV,,,,
mos_ss_6,june_covid19_participant_experience_cope_survey,,radio,"Choose the answer that best describes how often you can find this kind of support in the past month.
Someone to turn to for suggestions about how to deal with a personal problem","COPE_A_99, None of the time | COPE_A_95, A little of the time | COPE_A_158, Some of the time | COPE_A_102, Most of the time | COPE_A_129, All of the time","Start Date: 5/7/2020; End Date: 9/25/2020 EXCEPT {cope_a_158, cope_a_102, cope_a_129}: 3/5/2021",,,,,,,LV,,,,
mos_ss_7,june_covid19_participant_experience_cope_survey,,radio,"Choose the answer that best describes how often you can find this kind of support in the past month.
Someone who understands your problems","COPE_A_99, None of the time | COPE_A_95, A little of the time | COPE_A_158, Some of the time | COPE_A_102, Most of the time | COPE_A_129, All of the time","Start Date: 5/7/2020; End Date: 9/25/2020 EXCEPT {cope_a_158, cope_a_102, cope_a_129}: 3/5/2021",,,,,,,LV,,,,
mos_ss_8,june_covid19_participant_experience_cope_survey,,radio,"Choose the answer that best describes how often you can find this kind of support in the past month.
Someone to love and make you feel wanted","COPE_A_99, None of the time | COPE_A_95, A little of the time | COPE_A_158, Some of the time | COPE_A_102, Most of the time | COPE_A_129, All of the time","Start Date: 5/7/2020; End Date: 9/25/2020 EXCEPT {cope_a_158, cope_a_102, cope_a_129}: 3/5/2021",,,,,,,LV,,,,
mos_ss_13,june_covid19_participant_experience_cope_survey,,radio,"Choose the answer that best describes how often you can find this kind of support in the past month.
Someone to confide in or talk to about yourself or your problems","COPE_A_99, None of the time | COPE_A_95, A little of the time | COPE_A_158, Some of the time | COPE_A_102, Most of the time | COPE_A_129, All of the time","Start Date: 5/7/2020; End Date: 9/25/2020 EXCEPT {cope_a_158, cope_a_102, cope_a_129}: 3/5/2021",,,,,,,LV,,,,
mos_ss_17,june_covid19_participant_experience_cope_survey,,radio,"Choose the answer that best describes how often you can find this kind of support in the past month.
Someone to do things with to help you get your mind off things","COPE_A_99, None of the time | COPE_A_95, A little of the time | COPE_A_158, Some of the time | COPE_A_102, Most of the time | COPE_A_129, All of the time","Start Date: 5/7/2020; End Date: 9/25/2020 EXCEPT {cope_a_158, cope_a_102, cope_a_129}: 3/5/2021",,,,,,,LV,,,,
gad_7_1,june_covid19_participant_experience_cope_survey,"Anxiety

The next questions ask about worrying.

",radio,"In the past 2 weeks, how often have you been bothered by the following problem?
Feeling nervous, anxious, or on edge","COPE_A_168, Not at all | COPE_A_111, Several days | COPE_A_75, More than half the days | COPE_A_161, Nearly every day","Start Date: 5/7/2020; End Date: 3/5/2021",,,,,,,LV,,,,
gad_7_2,june_covid19_participant_experience_cope_survey,,radio,"In the past 2 weeks, how often have you been bothered by the following problem?
Not being able to stop or control worrying","COPE_A_168, Not at all | COPE_A_111, Several days | COPE_A_75, More than half the days | COPE_A_161, Nearly every day","Start Date: 5/7/2020; End Date: 3/5/2021",,,,,,,LV,,,,
gad_7_3,june_covid19_participant_experience_cope_survey,,radio,"In the past 2 weeks, how often have you been bothered by the following problem?
Worrying too much about different things","COPE_A_168, Not at all | COPE_A_111, Several days | COPE_A_75, More than half the days | COPE_A_161, Nearly every day","Start Date: 5/7/2020; End Date: 3/5/2021 EXCEPT gad_7_3: 9/25/2020",,,,,,,LV,,,,
gad_7_4,june_covid19_participant_experience_cope_survey,,radio,"In the past 2 weeks, how often have you been bothered by the following problem?
Trouble relaxing","COPE_A_168, Not at all | COPE_A_111, Several days | COPE_A_75, More than half the days | COPE_A_161, Nearly every day","Start Date: 5/7/2020; End Date: 3/5/2021 EXCEPT gad_7_4: 9/25/2020",,,,,,,LV,,,,
gad_7_5,june_covid19_participant_experience_cope_survey,,radio,"In the past 2 weeks, how often have you been bothered by the following problem?
Being so restless that it's hard to sit still","COPE_A_168, Not at all | COPE_A_111, Several days | COPE_A_75, More than half the days | COPE_A_161, Nearly every day","Start Date: 5/7/2020; End Date: 3/5/2021 EXCEPT gad_7_5: 9/25/2020",,,,,,,LV,,,,
gad_7_6,june_covid19_participant_experience_cope_survey,,radio,"In the past 2 weeks, how often have you been bothered by the following problem?
Becoming easily annoyed or irritable","COPE_A_168, Not at all | COPE_A_111, Several days | COPE_A_75, More than half the days | COPE_A_161, Nearly every day","Start Date: 5/7/2020; End Date: 3/5/2021 EXCEPT gad_7_6: 9/25/2020",,,,,,,LV,,,,
gad_7_7,june_covid19_participant_experience_cope_survey,,radio,"In the past 2 weeks, how often have you been bothered by the following problem?
Feeling afraid as if something awful might happen","COPE_A_168, Not at all | COPE_A_111, Several days | COPE_A_75, More than half the days | COPE_A_161, Nearly every day","Start Date: 5/7/2020; End Date: 3/5/2021 EXCEPT gad_7_7: 9/25/2020",,,,,,,LV,,,,
phq_9_1,june_covid19_participant_experience_cope_survey,"Mood

Over the last 2 weeks, how often have you been bothered by any of the following problems?",radio,"In the past 2 weeks, how often have you been bothered by:
Little interest or pleasure in doing things","COPE_A_168, Not at all | COPE_A_111, Several days | COPE_A_75, More than half the days | COPE_A_161, Nearly every day","Start Date: 5/7/2020; End Date: 3/5/2021",,,,,,,LV,,,,
phq_9_2,june_covid19_participant_experience_cope_survey,,radio,"In the past 2 weeks, how often have you been bothered by:
Feeling down, depressed, or hopeless","COPE_A_168, Not at all | COPE_A_111, Several days | COPE_A_75, More than half the days | COPE_A_161, Nearly every day","Start Date: 5/7/2020; End Date: 3/5/2021",,,,,,,LV,,,,
phq_9_3,june_covid19_participant_experience_cope_survey,,radio,"In the past 2 weeks, how often have you been bothered by:
Trouble falling or staying asleep, or sleeping too much","COPE_A_168, Not at all | COPE_A_111, Several days | COPE_A_75, More than half the days | COPE_A_161, Nearly every day","Start Date: 5/7/2020; End Date: 3/5/2021 EXCEPT phq_9_3: 9/25/2020",,,,,,,LV,,,,
phq_9_4,june_covid19_participant_experience_cope_survey,,radio,"In the past 2 weeks, how often have you been bothered by:
Feeling tired or having little energy","COPE_A_168, Not at all | COPE_A_111, Several days | COPE_A_75, More than half the days | COPE_A_161, Nearly every day","Start Date: 5/7/2020; End Date: 3/5/2021 EXCEPT phq_9_4: 9/25/2020",,,,,,,LV,,,,
phq_9_5,june_covid19_participant_experience_cope_survey,,radio,"In the past 2 weeks, how often have you been bothered by:
Poor appetite or overeating","COPE_A_168, Not at all | COPE_A_111, Several days | COPE_A_75, More than half the days | COPE_A_161, Nearly every day","Start Date: 5/7/2020; End Date: 3/5/2021 EXCEPT phq_9_5: 9/25/2020",,,,,,,LV,,,,
phq_9_6,june_covid19_participant_experience_cope_survey,,radio,"In the past 2 weeks, how often have you been bothered by:
Feeling bad about yourself or that you are a failure or have let yourself or your family down","COPE_A_168, Not at all | COPE_A_111, Several days | COPE_A_75, More than half the days | COPE_A_161, Nearly every day","Start Date: 5/7/2020; End Date: 3/5/2021 EXCEPT phq_9_6: 9/25/2020",,,,,,,LV,,,,
phq_9_7,june_covid19_participant_experience_cope_survey,,radio,"In the past 2 weeks, how often have you been bothered by:
Trouble concentrating on things, such as reading the newspaper or watching television","COPE_A_168, Not at all | COPE_A_111, Several days | COPE_A_75, More than half the days | COPE_A_161, Nearly every day","Start Date: 5/7/2020; End Date: 3/5/2021 EXCEPT phq_9_7: 9/25/2020",,,,,,,LV,,,,
phq_9_8,june_covid19_participant_experience_cope_survey,,radio,"In the past 2 weeks, how often have you been bothered by:
Moving or speaking so slowly that other people could have noticed? Or the opposite - being so fidgety or restless that you have been moving around a lot more than usual","COPE_A_168, Not at all | COPE_A_111, Several days | COPE_A_75, More than half the days | COPE_A_161, Nearly every day","Start Date: 5/7/2020; End Date: 3/5/2021 EXCEPT phq_9_8: 9/25/2020",,,,,,,LV,,,,
phq_9_9,june_covid19_participant_experience_cope_survey,,radio,"In the past 2 weeks, how often have you been bothered by:
Thoughts that you would be better off dead or of hurting yourself in some way","COPE_A_168, Not at all | COPE_A_111, Several days | COPE_A_75, More than half the days | COPE_A_161, Nearly every day","Start Date: 5/7/2020; End Date: 3/5/2021",,,,,,,LV,,,,
phq9_9_pop_up,june_covid19_participant_experience_cope_survey,,descriptive,"If this is how you feel, think about getting help. There are people who can help 24/7.

<a href=""sms:741741"">Text the Crisis Text Line at 741741</a> or <a href=""tel:1-800-273-8255"">Call the National Suicide Prevention Lifeline at 1-800-273-8255.</a>
",,,,,,,"[phq_9_9] = 'COPE_A_161' or [phq_9_9] = 'COPE_A_75' or [phq_9_9] = 'COPE_A_111'",,,,,,
cpss_1,june_covid19_participant_experience_cope_survey,"Stress

The next questions ask how often you felt stress in the last month. This includes stress about events that you did not expect or could not predict or control, and how much you worry about your life. Your answers will help us understand how often stress impacts daily life.",radio,"In the last month, how often have you been upset because of something that happened unexpectedly?","COPE_A_120, Never | COPE_A_154, Almost never | COPE_A_151, Sometimes | COPE_A_42, Fairly often | COPE_A_86, Very often","Start Date: 5/7/2020; End Date: 9/25/2020 EXCEPT {cope_a_120, cope_a_151}: 3/5/2021",,,,,,,LV,,,,
cpss_2,june_covid19_participant_experience_cope_survey,,radio,"In the last month, how often have you felt that you were unable to control the important things in your life?","COPE_A_120, Never | COPE_A_154, Almost never | COPE_A_151, Sometimes | COPE_A_42, Fairly often | COPE_A_86, Very often","Start Date: 5/7/2020; End Date: 9/25/2020 EXCEPT {cope_a_120, cope_a_151}: 3/5/2021",,,,,,,LV,,,,
cpss_3,june_covid19_participant_experience_cope_survey,,radio,"In the last month, how often have you felt nervous and ""stressed""?","COPE_A_120, Never | COPE_A_154, Almost never | COPE_A_151, Sometimes | COPE_A_42, Fairly often | COPE_A_86, Very often","Start Date: 5/7/2020; End Date: 9/25/2020 EXCEPT {cope_a_120, cope_a_151}: 3/5/2021",,,,,,,LV,,,,
cpss_4,june_covid19_participant_experience_cope_survey,,radio,"In the last month, how often have you felt confident about your ability to handle your personal problems?","COPE_A_120, Never | COPE_A_154, Almost never | COPE_A_151, Sometimes | COPE_A_42, Fairly often | COPE_A_86, Very often","Start Date: 5/7/2020; End Date: 9/25/2020 EXCEPT {cope_a_120, cope_a_151}: 3/5/2021",,,,,,,LV,,,,
cpss_5,june_covid19_participant_experience_cope_survey,,radio,"In the last month, how often have you felt that things were going your way?","COPE_A_120, Never | COPE_A_154, Almost never | COPE_A_151, Sometimes | COPE_A_42, Fairly often | COPE_A_86, Very often","Start Date: 5/7/2020; End Date: 9/25/2020 EXCEPT {cope_a_120, cope_a_151}: 3/5/2021",,,,,,,LV,,,,
cpss_6,june_covid19_participant_experience_cope_survey,,radio,"In the last month, how often have you found that you could not cope with all the things that you had to do?","COPE_A_120, Never | COPE_A_154, Almost never | COPE_A_151, Sometimes | COPE_A_42, Fairly often | COPE_A_86, Very often","Start Date: 5/7/2020; End Date: 9/25/2020 EXCEPT {cope_a_120, cope_a_151}: 3/5/2021",,,,,,,LV,,,,
cpss_7,june_covid19_participant_experience_cope_survey,,radio,"In the last month, how often have you been able to control irritations in your life?","COPE_A_120, Never | COPE_A_154, Almost never | COPE_A_151, Sometimes | COPE_A_42, Fairly often | COPE_A_86, Very often","Start Date: 5/7/2020; End Date: 9/25/2020 EXCEPT {cope_a_120, cope_a_151}: 3/5/2021",,,,,,,LV,,,,
cpss_8,june_covid19_participant_experience_cope_survey,,radio,"In the last month, how often have you felt that you were on top of things?","COPE_A_120, Never | COPE_A_154, Almost never | COPE_A_151, Sometimes | COPE_A_42, Fairly often | COPE_A_86, Very often","Start Date: 5/7/2020; End Date: 9/25/2020 EXCEPT {cope_a_120, cope_a_151}: 3/5/2021",,,,,,,LV,,,,
cpss_9,june_covid19_participant_experience_cope_survey,,radio,"In the last month, how often have you been angered because of things that were outside of your control?","COPE_A_120, Never | COPE_A_154, Almost never | COPE_A_151, Sometimes | COPE_A_42, Fairly often | COPE_A_86, Very often","Start Date: 5/7/2020; End Date: 9/25/2020 EXCEPT {cope_a_120, cope_a_151}: 3/5/2021",,,,,,,LV,,,,
cpss_10,june_covid19_participant_experience_cope_survey,,radio,"In the last month, how often have you felt difficulties were piling up so high that you could not overcome them?","COPE_A_120, Never | COPE_A_154, Almost never | COPE_A_151, Sometimes | COPE_A_42, Fairly often | COPE_A_86, Very often","Start Date: 5/7/2020; End Date: 9/25/2020 EXCEPT {cope_a_120, cope_a_151}: 3/5/2021",,,,,,,LV,,,,
ipaq_1,june_covid19_participant_experience_cope_survey,"Physical Activity

Next, we ask you questions about your physical activity in the last 7 days. We will ask you about time spent doing vigorous activity, then moderate activity, and then walking activity.  ",radio,"Think about all the vigorous activities that you did in the last 7 days. Vigorous physical activities refer to activities that take hard physical effort and make you breathe much harder than normal. Think only about those physical activities that you did for at least 10 minutes at a time.

During the last 7 days, did you do vigorous physical activities like heavy lifting, digging, aerobics, or fast bicycling?","COPE_A_44, Yes | COPE_A_13, No","Start Date: 5/7/2020; End Date: 3/5/2021 EXCEPT ipaq_1: 9/25/2020",,,,,,,LV,,,,
ipaq_1_cope_a_24,june_covid19_participant_experience_cope_survey,,text,"How many days per week?",,"Start Date: 5/7/2020; End Date: 9/25/2020",number,1,7,,"[ipaq_1] = 'COPE_A_44'",,LV,,,,
ipaq_2_cope_a_85,june_covid19_participant_experience_cope_survey,,text,"Minutes per day (Please enter a number)

Note:  Half an hour=30 minutes, 1 hour=60 minutes, 1 and a half hours=90 minutes
",,"Start Date: 5/7/2020; End Date: 9/25/2020",number,0,1440,,"[ipaq_1] = 'COPE_A_44'",,LV,,,,
ipaq_3,june_covid19_participant_experience_cope_survey,,radio,"Think about all the moderate activities that you did in the last 7 days. Moderate activities refer to activities that take moderate physical effort and make you breathe somewhat harder than normal. Think only about those physical activities that you did for at least 10 minutes at a time.

During the last 7 days, did you do moderate physical activity like carrying light loads, bicycling at a regular pace, or doubles tennis?","COPE_A_44, Yes | COPE_A_13, No","Start Date: 5/7/2020; End Date: 3/5/2021 EXCEPT ipaq_3: 9/25/2020",,,,,,,LV,,,,
ipaq_3_cope_a_24,june_covid19_participant_experience_cope_survey,,text,"How many days per week?",,"Start Date: 5/7/2020; End Date: 9/25/2020",number,1,7,,"[ipaq_3] = 'COPE_A_44'",,LV,,,,
ipaq_4_cope_a_85,june_covid19_participant_experience_cope_survey,,text,"Minutes per day (Please enter a number)

Note:  Half an hour=30 minutes, 1 hour=60 minutes, 1 and a half hours=90 minutes",,"Start Date: 5/7/2020; End Date: 9/25/2020",number,0,1440,,"[ipaq_3] = 'COPE_A_44'",,LV,,,,
ipaq_5,june_covid19_participant_experience_cope_survey,,radio,"Think about the time you spent walking in the last 7 days. This includes at work and at home, walking to travel from place to place, and any other walking that you have done solely for recreation, sport, exercise, or leisure.

During the last 7 days, did you walk for at least 10 minutes at a time?","COPE_A_44, Yes | COPE_A_13, No","Start Date: 5/7/2020; End Date: 3/5/2021 EXCEPT ipaq_5: 9/25/2020",,,,,,,LV,,,,
ipaq_5_cope_a_24,june_covid19_participant_experience_cope_survey,,text,"How many days per week?",,"Start Date: 5/7/2020; End Date: 9/25/2020",number,1,7,,"[ipaq_5] = 'COPE_A_44'",,LV,,,,
ipaq_6_cope_a_85,june_covid19_participant_experience_cope_survey,,text,"Minutes per day (Please enter a number)

Note:  Half an hour=30 minutes, 1 hour=60 minutes, 1 and a half hours=90 minutes",,"Start Date: 5/7/2020; End Date: 9/25/2020",number,0,1440,,"[ipaq_5] = 'COPE_A_44'",,LV,,,,
ipaq_7,june_covid19_participant_experience_cope_survey,,radio,"The last question is about the time you spent sitting on weekdays during the last 7 days. Include time spent at work, at home, while doing course work and during leisure time. This may include time spent sitting at a desk, visiting friends, reading, or sitting or lying down to watch television.

During the last 7 days, how much time did you spend sitting on a weekday?

Please select below to enter the amount of time in minutes OR hours.","COPE_A_213_1, Enter a response in hours | COPE_A_213_2, Enter a response in minutes | COPE_A_202, Don't know","Start Date: 5/7/2020; End Date: 9/25/2020 EXCEPT cope_a_202: 3/5/2021",,,,,,,LV,,,,
cope_a_160,june_covid19_participant_experience_cope_survey,,text,"Hours per day (Please enter a number between 0-24)",,"Start Date: 5/7/2020; End Date: 9/25/2020",number,0,24,,"[ipaq_7] = 'COPE_A_213_1'",,LV,,,,
cope_a_85,june_covid19_participant_experience_cope_survey,,text,"Minutes per day (Please enter a number between 0-1440)",,"Start Date: 5/7/2020; End Date: 9/25/2020",number,0,1440,,"[ipaq_7] = 'COPE_A_213_2'",,LV,,,,
ucla_ls8_2,june_covid19_participant_experience_cope_survey,"Loneliness

The next questions ask about your relationships with others.",radio,"Choose the answer that is true for you in the past month.
I lack companionship","COPE_A_120, Never | COPE_A_41, Rarely | COPE_A_151, Sometimes | COPE_A_148, Often","Start Date: 5/7/2020; End Date: 9/25/2020 EXCEPT {cope_a_120, cope_a_151}: 3/5/2021",,,,,,,LV,,,,
ucla_ls8_3,june_covid19_participant_experience_cope_survey,,radio,"Choose the answer that is true for you in the past month.
There is no one I can turn to","COPE_A_120, Never | COPE_A_41, Rarely | COPE_A_151, Sometimes | COPE_A_148, Often","Start Date: 5/7/2020; End Date: 9/25/2020 EXCEPT {cope_a_120, cope_a_151}: 3/5/2021",,,,,,,LV,,,,
ucla_ls8_9,june_covid19_participant_experience_cope_survey,,radio,"Choose the answer that is true for you in the past month.
I am an outgoing person","COPE_A_120, Never | COPE_A_41, Rarely | COPE_A_151, Sometimes | COPE_A_148, Often","Start Date: 5/7/2020; End Date: 9/25/2020 EXCEPT {cope_a_120, cope_a_151}: 3/5/2021",,,,,,,LV,,,,
ucla_ls8_11,june_covid19_participant_experience_cope_survey,,radio,"Choose the answer that is true for you in the past month.
I feel left out","COPE_A_120, Never | COPE_A_41, Rarely | COPE_A_151, Sometimes | COPE_A_148, Often","Start Date: 5/7/2020; End Date: 9/25/2020 EXCEPT {cope_a_120, cope_a_151}: 3/5/2021",,,,,,,LV,,,,
ucla_ls8_14,june_covid19_participant_experience_cope_survey,,radio,"Choose the answer that is true for you in the past month.
I feel isolated from others","COPE_A_120, Never | COPE_A_41, Rarely | COPE_A_151, Sometimes | COPE_A_148, Often","Start Date: 5/7/2020; End Date: 9/25/2020 EXCEPT {cope_a_120, cope_a_151}: 3/5/2021",,,,,,,LV,,,,
ucla_ls8_15,june_covid19_participant_experience_cope_survey,,radio,"Choose the answer that is true for you in the past month.
I can find companionship when I want it","COPE_A_120, Never | COPE_A_41, Rarely | COPE_A_151, Sometimes | COPE_A_148, Often","Start Date: 5/7/2020; End Date: 9/25/2020 EXCEPT {cope_a_120, cope_a_151}: 3/5/2021",,,,,,,LV,,,,
ucla_ls8_17,june_covid19_participant_experience_cope_survey,,radio,"Choose the answer that is true for you in the past month.
I am unhappy being so withdrawn","COPE_A_120, Never | COPE_A_41, Rarely | COPE_A_151, Sometimes | COPE_A_148, Often","Start Date: 5/7/2020; End Date: 9/25/2020 EXCEPT {cope_a_120, cope_a_151}: 3/5/2021",,,,,,,LV,,,,
ucla_ls8_18,june_covid19_participant_experience_cope_survey,,radio,"Choose the answer that is true for you in the past month.
People are around me but not with me","COPE_A_120, Never | COPE_A_41, Rarely | COPE_A_151, Sometimes | COPE_A_148, Often","Start Date: 5/7/2020; End Date: 9/25/2020 EXCEPT {cope_a_120, cope_a_151}: 3/5/2021",,,,,,,LV,,,,
copect_50_xx18,june_covid19_participant_experience_cope_survey,"Substance Use

The following questions ask about your use of alcohol, tobacco, and other substances in the past month.",radio,"In the past month:
Did you smoke tobacco/nicotine (including cigarettes, cigar, cigarillos, pipes, hookah) every day, some days, or not at all?","COPE_A_197, Yes, every day | COPE_A_169, Yes, some days | COPE_A_94, Not currently, but in the past | COPE_A_131, No, never","Start Date: 5/7/2020; End Date: 9/25/2020",,,,,,,LV,,,,
copect_50_xx19,june_covid19_participant_experience_cope_survey,,radio,"How long has it been since you last smoked?","COPE_A_57, Weeks | COPE_A_198, Months | COPE_A_152, Years","Start Date: 5/7/2020; End Date: 9/25/2020",,,,,"[copect_50_xx18] = 'COPE_A_94'",,LV,,,,
copect_50_xx19_cope_a_57,june_covid19_participant_experience_cope_survey,,text,"Enter the number of weeks",,"Start Date: 5/7/2020; End Date: 9/25/2020",number,1,52,,"[copect_50_xx19] = 'COPE_A_57'",,LV,,,,
copect_50_xx19_cope_a_198,june_covid19_participant_experience_cope_survey,,text,"Enter the number of months",,"Start Date: 5/7/2020; End Date: 9/25/2020",number,1,12,,"[copect_50_xx19] = 'COPE_A_198'",,LV,,,,
copect_50_xx19_cope_a_152,june_covid19_participant_experience_cope_survey,,text,"Enter the number of years",,"Start Date: 5/7/2020; End Date: 9/25/2020",number,1,99,,"[copect_50_xx19] = 'COPE_A_152'",,LV,,,,
copect_50_xx17,june_covid19_participant_experience_cope_survey,,radio,"In the past month:
Did someone in your home smoke tobacco/nicotine (including cigarettes, cigar, cigarillos, pipes, hookah) every day, some days, or not at all?","COPE_A_197, Yes, every day | COPE_A_169, Yes, some days | COPE_A_94, Not currently, but in the past | COPE_A_131, No, never","Start Date: 5/7/2020; End Date: 9/25/2020",,,,,,,LV,,,,
lifestyle_2_xx13,june_covid19_participant_experience_cope_survey,,radio,"In the past month:
Did you use any type of electronic nicotine product? This includes e- cigarettes, vape pens, hookah pens, personal vaporizers and mods, e-cigars, e-pipes, and e-hookahs.","COPE_A_197, Yes, every day | COPE_A_169, Yes, some days | COPE_A_94, Not currently, but in the past | COPE_A_131, No, never","Start Date: 5/7/2020; End Date: 9/25/2020",,,,,,,LV,,,,
lifestyle_2_xx12,june_covid19_participant_experience_cope_survey,,radio,"How long has it been since you last used an electronic nicotine product?","COPE_A_57, Weeks | COPE_A_198, Months | COPE_A_152, Years","Start Date: 5/7/2020; End Date: 9/25/2020",,,,,"[lifestyle_2_xx13] = 'COPE_A_94'",,LV,,,,
lifestyle_2_xx12_cope_a_57,june_covid19_participant_experience_cope_survey,,text,"Enter the number of weeks",,"Start Date: 5/7/2020; End Date: 9/25/2020",number,1,52,,"[lifestyle_2_xx12] = 'COPE_A_57'",,LV,,,,
lifestyle_2_xx12_cope_a_198,june_covid19_participant_experience_cope_survey,,text,"Enter the number of months",,"Start Date: 5/7/2020; End Date: 9/25/2020",number,1,12,,"[lifestyle_2_xx12] = 'COPE_A_198'",,LV,,,,
lifestyle_2_xx12_cope_a_152,june_covid19_participant_experience_cope_survey,,text,"Enter the number of years",,"Start Date: 5/7/2020; End Date: 9/25/2020",number,1,99,,"[lifestyle_2_xx12] = 'COPE_A_152'",,LV,,,,
audit_c_1,june_covid19_participant_experience_cope_survey,,radio,"In the past month:
How often do you have a drink containing alcohol?","COPE_A_120, Never | COPE_A_125, Monthly or less | COPE_A_167, 2-4 times a month | COPE_A_89, 2-3 times a week | COPE_A_16, 4 or more times a week","Start Date: 5/7/2020; End Date: 9/25/2020 EXCEPT cope_a_120: 3/5/2021",,,,,,,LV,,,,
audit_c_2,june_covid19_participant_experience_cope_survey,,radio,"In the past month:
How many standard drinks containing alcohol do you have on a typical day?","COPE_A_4, 1 or 2 | COPE_A_23, 3 or 4 | COPE_A_51, 5 or 6 | COPE_A_172, 7 to 9 | COPE_A_6, 10 or more","Start Date: 5/7/2020; End Date: 9/25/2020",,,,,"[audit_c_1] = 'COPE_A_125' or [audit_c_1] = 'COPE_A_167' or [audit_c_1] = 'COPE_A_89' or [audit_c_1] = 'COPE_A_16'",,LV,,,,
audit_c_3,june_covid19_participant_experience_cope_survey,,radio,"In the past month:
How often do you have six or more drinks containing alcohol on one occasion?","COPE_A_120, Never | COPE_A_37, Less than monthly | COPE_A_56, Monthly | COPE_A_180, Weekly | COPE_A_103, Daily or almost daily","Start Date: 5/7/2020; End Date: 9/25/2020 EXCEPT cope_a_120: 3/5/2021",,,,,"[audit_c_2] = 'COPE_A_51' or [audit_c_2] = 'COPE_A_172' or [audit_c_2] = 'COPE_A_6'",,LV,,,,
tsu_ds5_13_xx,june_covid19_participant_experience_cope_survey,,checkbox,"In the past month, have you used any of the following drugs? Select all that apply. ","COPE_A_214, Cannabis (also called marijuana, pot, weed, grass, hash, concentrates, etc.). Please exclude your use of CBD or hemp products | COPE_A_215, Synthetic marijuana or fake weed (also called K2 or Spice) | COPE_A_216, Cocaine (also called coke, crack, free base, coca paste, etc.) | COPE_A_217, Prescription stimulants (for example, Ritalin, Concerta, Dexedrine, Adderall, Focalin, Didrex, etc.) | COPE_A_218, Methamphetamine (also called meth, crank, ice, crystal meth, glass, etc.) | COPE_A_219, Synthetic stimulants (also called bath salts, flakka, etc.) | COPE_A_220, Inhalants (for example, nitrous oxide, glue, gas, paint thinner, etc.) | COPE_A_221, Prescription sedatives or prescription sleeping pills (for example, Valium, Ambien, Serepax, Ativan, Xanax, Libriu, etc.) | COPE_A_222, Hallucinogens (for example, LSD, acid, Molly, mushrooms, PCP, Special K, ecstasy, Peyote, DMT, Foxy, etc.) | COPE_A_223, Heroin | COPE_A_224, Prescription opioids (for example, fentanyl, oxycodone [OxyContin, Percocet], hydrocodone [Vicodin], methadone, buprenorphine, etc.) | COPE_A_225, None | COPE_A_226, Other substance","Start Date: 5/7/2020; End Date: 9/25/2020 EXCEPT cope_a_226: 3/5/2021",,,,,,,LV,,,,
tsu_ds5_13_xx3,june_covid19_participant_experience_cope_survey,,radio,"How often did you use cannabis?","COPE_A_201, Only a few times | COPE_A_18, 1-3 times per month | COPE_A_174, 1-5 times per week | COPE_A_107, Daily","Start Date: 5/7/2020; End Date: 9/25/2020",,,,,"[tsu_ds5_13_xx(COPE_A_214)] = '1'",,LV,,,,
tsu_ds5_13_xx20,june_covid19_participant_experience_cope_survey,,radio,"Did your use include smoking cannabis?","COPE_A_44, Yes | COPE_A_13, No","Start Date: 5/7/2020; End Date: 3/5/2021 EXCEPT tsu_ds5_13_xx20: 9/25/2020",,,,,"[tsu_ds5_13_xx(COPE_A_214)] = '1'",,LV,,,,
tsu_ds5_13_xx21,june_covid19_participant_experience_cope_survey,,radio,"Do you think you have used more or less cannabis in the past month than you used to?","COPE_A_227, Less often than usual | COPE_A_228, The same as usual | COPE_A_229, More often than usual","Start Date: 5/7/2020; End Date: 9/25/2020",,,,,"[tsu_ds5_13_xx(COPE_A_214)] = '1'",,LV,,,,
tsu_ds5_13_xx7,june_covid19_participant_experience_cope_survey,,radio,"How often did you use synthetic marijuana or fake weed?","COPE_A_201, Only a few times | COPE_A_18, 1-3 times per month | COPE_A_174, 1-5 times per week | COPE_A_107, Daily","Start Date: 5/7/2020; End Date: 9/25/2020",,,,,"[tsu_ds5_13_xx(COPE_A_215)] = '1'",,LV,,,,
tsu_ds5_13_xx22,june_covid19_participant_experience_cope_survey,,radio,"Did your use include smoking synthetic marijuana or fake weed?","COPE_A_44, Yes | COPE_A_13, No","Start Date: 5/7/2020; End Date: 3/5/2021 EXCEPT tsu_ds5_13_xx22: 9/25/2020",,,,,"[tsu_ds5_13_xx(COPE_A_215)] = '1'",,LV,,,,
tsu_ds5_13_xx23,june_covid19_participant_experience_cope_survey,,radio,"Do you think you have used more or less synthetic marijuana or fake weed in the past month than you used to?","COPE_A_227, Less often than usual | COPE_A_228, The same as usual | COPE_A_229, More often than usual","Start Date: 5/7/2020; End Date: 9/25/2020",,,,,"[tsu_ds5_13_xx(COPE_A_215)] = '1'",,LV,,,,
tsu_ds5_13_xx9,june_covid19_participant_experience_cope_survey,,radio,"How often did you use cocaine?","COPE_A_201, Only a few times | COPE_A_18, 1-3 times per month | COPE_A_174, 1-5 times per week | COPE_A_107, Daily","Start Date: 5/7/2020; End Date: 9/25/2020",,,,,"[tsu_ds5_13_xx(COPE_A_216)] = '1'",,LV,,,,
tsu_ds5_13_xx24,june_covid19_participant_experience_cope_survey,,radio,"Did your use include smoking cocaine?","COPE_A_44, Yes | COPE_A_13, No","Start Date: 5/7/2020; End Date: 3/5/2021 EXCEPT tsu_ds5_13_xx24: 9/25/2020",,,,,"[tsu_ds5_13_xx(COPE_A_216)] = '1'",,LV,,,,
tsu_ds5_13_xx25,june_covid19_participant_experience_cope_survey,,radio,"Do you think you have used more or less cocaine in the past month than you used to?","COPE_A_227, Less often than usual | COPE_A_228, The same as usual | COPE_A_229, More often than usual","Start Date: 5/7/2020; End Date: 9/25/2020",,,,,"[tsu_ds5_13_xx(COPE_A_216)] = '1'",,LV,,,,
tsu_ds5_13_xx11,june_covid19_participant_experience_cope_survey,,radio,"How often did you use prescription stimulants?","COPE_A_201, Only a few times | COPE_A_18, 1-3 times per month | COPE_A_174, 1-5 times per week | COPE_A_107, Daily","Start Date: 5/7/2020; End Date: 9/25/2020",,,,,"[tsu_ds5_13_xx(COPE_A_217)] = '1'",,LV,,,,
tsu_ds5_13_xx26,june_covid19_participant_experience_cope_survey,,radio,"Did you use prescription stimulants in any way a doctor did not direct you to use it?","COPE_A_44, Yes | COPE_A_13, No","Start Date: 5/7/2020; End Date: 3/5/2021 EXCEPT tsu_ds5_13_xx26: 9/25/2020",,,,,"[tsu_ds5_13_xx(COPE_A_217)] = '1'",,LV,,,,
tsu_ds5_13_xx27,june_covid19_participant_experience_cope_survey,,radio,"Do you think you have used more or less prescription stimulants in the past month than you used to?","COPE_A_227, Less often than usual | COPE_A_228, The same as usual | COPE_A_229, More often than usual","Start Date: 5/7/2020; End Date: 9/25/2020",,,,,"[tsu_ds5_13_xx(COPE_A_217)] = '1'",,LV,,,,
tsu_ds5_13_xx6,june_covid19_participant_experience_cope_survey,,radio,"How often did you use methamphetamine?","COPE_A_201, Only a few times | COPE_A_18, 1-3 times per month | COPE_A_174, 1-5 times per week | COPE_A_107, Daily","Start Date: 5/7/2020; End Date: 9/25/2020",,,,,"[tsu_ds5_13_xx(COPE_A_218)] = '1'",,LV,,,,
tsu_ds5_13_xx28,june_covid19_participant_experience_cope_survey,,radio,"Did your use include smoking methamphetamine?","COPE_A_44, Yes | COPE_A_13, No","Start Date: 5/7/2020; End Date: 3/5/2021 EXCEPT tsu_ds5_13_xx28: 9/25/2020",,,,,"[tsu_ds5_13_xx(COPE_A_218)] = '1'",,LV,,,,
tsu_ds5_13_xx29,june_covid19_participant_experience_cope_survey,,radio,"Do you think you have used more or less methamphetamine in the past month than you used to?","COPE_A_227, Less often than usual | COPE_A_228, The same as usual | COPE_A_229, More often than usual","Start Date: 5/7/2020; End Date: 9/25/2020",,,,,"[tsu_ds5_13_xx(COPE_A_218)] = '1'",,LV,,,,
tsu_ds5_13_xx4,june_covid19_participant_experience_cope_survey,,radio,"How often did you use synthetic stimulants?","COPE_A_201, Only a few times | COPE_A_18, 1-3 times per month | COPE_A_174, 1-5 times per week | COPE_A_107, Daily","Start Date: 5/7/2020; End Date: 9/25/2020",,,,,"[tsu_ds5_13_xx(COPE_A_219)] = '1'",,LV,,,,
tsu_ds5_13_xx30,june_covid19_participant_experience_cope_survey,,radio,"Did your use include smoking synthetic stimulants?","COPE_A_44, Yes | COPE_A_13, No","Start Date: 5/7/2020; End Date: 3/5/2021 EXCEPT tsu_ds5_13_xx30: 9/25/2020",,,,,"[tsu_ds5_13_xx(COPE_A_219)] = '1'",,LV,,,,
tsu_ds5_13_xx31,june_covid19_participant_experience_cope_survey,,radio,"Do you think you have used more or less synthetic stimulants in the past month than you used to?","COPE_A_227, Less often than usual | COPE_A_228, The same as usual | COPE_A_229, More often than usual","Start Date: 5/7/2020; End Date: 9/25/2020",,,,,"[tsu_ds5_13_xx(COPE_A_219)] = '1'",,LV,,,,
tsu_ds5_13_xx5,june_covid19_participant_experience_cope_survey,,radio,"How often did you use inhalants?","COPE_A_201, Only a few times | COPE_A_18, 1-3 times per month | COPE_A_174, 1-5 times per week | COPE_A_107, Daily","Start Date: 5/7/2020; End Date: 9/25/2020",,,,,"[tsu_ds5_13_xx(COPE_A_220)] = '1'",,LV,,,,
tsu_ds5_13_xx32,june_covid19_participant_experience_cope_survey,,radio,"Do you think you have used more or less inhalants in the past month than you used to?","COPE_A_227, Less often than usual | COPE_A_228, The same as usual | COPE_A_229, More often than usual","Start Date: 5/7/2020; End Date: 9/25/2020",,,,,"[tsu_ds5_13_xx(COPE_A_220)] = '1'",,LV,,,,
tsu_ds5_13_xx8,june_covid19_participant_experience_cope_survey,,radio,"How often did you use prescription sedatives or prescription sleeping pills?","COPE_A_201, Only a few times | COPE_A_18, 1-3 times per month | COPE_A_174, 1-5 times per week | COPE_A_107, Daily","Start Date: 5/7/2020; End Date: 9/25/2020",,,,,"[tsu_ds5_13_xx(COPE_A_221)] = '1'",,LV,,,,
tsu_ds5_13_xx33,june_covid19_participant_experience_cope_survey,,radio,"Did you use prescription sedatives or prescription sleeping pills in any way a doctor did not direct you to use it?","COPE_A_44, Yes | COPE_A_13, No","Start Date: 5/7/2020; End Date: 3/5/2021 EXCEPT tsu_ds5_13_xx33: 9/25/2020",,,,,"[tsu_ds5_13_xx(COPE_A_221)] = '1'",,LV,,,,
tsu_ds5_13_xx34,june_covid19_participant_experience_cope_survey,,radio,"Do you think you have used more or less prescription sedatives or prescription sleeping pills in the past month than you used to?","COPE_A_227, Less often than usual | COPE_A_228, The same as usual | COPE_A_229, More often than usual","Start Date: 5/7/2020; End Date: 9/25/2020",,,,,"[tsu_ds5_13_xx(COPE_A_221)] = '1'",,LV,,,,
tsu_ds5_13_xx10,june_covid19_participant_experience_cope_survey,,radio,"How often did you use hallucinogens?","COPE_A_201, Only a few times | COPE_A_18, 1-3 times per month | COPE_A_174, 1-5 times per week | COPE_A_107, Daily","Start Date: 5/7/2020; End Date: 9/25/2020",,,,,"[tsu_ds5_13_xx(COPE_A_222)] = '1'",,LV,,,,
tsu_ds5_13_xx35,june_covid19_participant_experience_cope_survey,,radio,"Did your use include smoking hallucinogens?","COPE_A_44, Yes | COPE_A_13, No","Start Date: 5/7/2020; End Date: 3/5/2021 EXCEPT tsu_ds5_13_xx35: 9/25/2020",,,,,"[tsu_ds5_13_xx(COPE_A_222)] = '1'",,LV,,,,
tsu_ds5_13_xx36,june_covid19_participant_experience_cope_survey,,radio,"Do you think you have used more or less hallucinogens in the past month than you used to?","COPE_A_227, Less often than usual | COPE_A_228, The same as usual | COPE_A_229, More often than usual","Start Date: 5/7/2020; End Date: 9/25/2020",,,,,"[tsu_ds5_13_xx(COPE_A_222)] = '1'",,LV,,,,
tsu_ds5_13_xx2,june_covid19_participant_experience_cope_survey,,radio,"How often did you use heroin?","COPE_A_201, Only a few times | COPE_A_18, 1-3 times per month | COPE_A_174, 1-5 times per week | COPE_A_107, Daily","Start Date: 5/7/2020; End Date: 9/25/2020",,,,,"[tsu_ds5_13_xx(COPE_A_223)] = '1'",,LV,,,,
tsu_ds5_13_xx37,june_covid19_participant_experience_cope_survey,,radio,"Did your use include smoking heroin?","COPE_A_44, Yes | COPE_A_13, No","Start Date: 5/7/2020; End Date: 3/5/2021 EXCEPT tsu_ds5_13_xx37: 9/25/2020",,,,,"[tsu_ds5_13_xx(COPE_A_223)] = '1'",,LV,,,,
tsu_ds5_13_xx38,june_covid19_participant_experience_cope_survey,,radio,"Do you think you have used more or less heroin in the past month than you used to?","COPE_A_227, Less often than usual | COPE_A_228, The same as usual | COPE_A_229, More often than usual","Start Date: 5/7/2020; End Date: 9/25/2020",,,,,"[tsu_ds5_13_xx(COPE_A_223)] = '1'",,LV,,,,
tsu_ds5_13_xx39,june_covid19_participant_experience_cope_survey,,radio,"Did you use prescription opioids in any way a doctor did not direct you to use it?","COPE_A_44, Yes | COPE_A_13, No","Start Date: 5/7/2020; End Date: 3/5/2021 EXCEPT tsu_ds5_13_xx39: 9/25/2020",,,,,"[tsu_ds5_13_xx(COPE_A_224)] = '1'",,LV,,,,
tsu_ds5_13_xx1,june_covid19_participant_experience_cope_survey,,radio,"How often did you use prescription opioids?","COPE_A_201, Only a few times | COPE_A_18, 1-3 times per month | COPE_A_174, 1-5 times per week | COPE_A_107, Daily","Start Date: 5/7/2020; End Date: 9/25/2020",,,,,"[tsu_ds5_13_xx(COPE_A_224)] = '1'",,LV,,,,
tsu_ds5_13_xx40,june_covid19_participant_experience_cope_survey,,radio,"Did your use include smoking prescription opioids?","COPE_A_44, Yes | COPE_A_13, No","Start Date: 5/7/2020; End Date: 3/5/2021 EXCEPT tsu_ds5_13_xx40: 9/25/2020",,,,,"[tsu_ds5_13_xx(COPE_A_224)] = '1'",,LV,,,,
tsu_ds5_13_xx41,june_covid19_participant_experience_cope_survey,,radio,"Do you think you have used more or less prescription opioids in the past month than you used to?","COPE_A_227, Less often than usual | COPE_A_228, The same as usual | COPE_A_229, More often than usual","Start Date: 5/7/2020; End Date: 9/25/2020",,,,,"[tsu_ds5_13_xx(COPE_A_224)] = '1'",,LV,,,,
tsu_ds5_13_xx42_cope_a_226,june_covid19_participant_experience_cope_survey,,text,"Other substance - please specify",,"Start Date: 5/7/2020; End Date: 9/25/2020",,,,,"[tsu_ds5_13_xx(COPE_A_226)] = '1'",,,,,,"REGISTERED_QUESTION_SUPPRESSED, CONTROLLED_QUESTION_SUPPRESSED"
tsu_ds5_13_xx42_cope_a_226_2,june_covid19_participant_experience_cope_survey,,radio,"How often did you use the other substance?","COPE_A_201, Only a few times | COPE_A_18, 1-3 times per month | COPE_A_174, 1-5 times per week | COPE_A_107, Daily","Start Date: 5/7/2020; End Date: 9/25/2020",,,,,"[tsu_ds5_13_xx(COPE_A_226)] = '1'",,LV,,,,
tsu_ds5_13_xx43,june_covid19_participant_experience_cope_survey,,radio,"Did your use include smoking the other substance?","COPE_A_44, Yes | COPE_A_13, No","Start Date: 5/7/2020; End Date: 3/5/2021 EXCEPT tsu_ds5_13_xx43: 9/25/2020",,,,,"[tsu_ds5_13_xx(COPE_A_226)] = '1'",,LV,,,,
tsu_ds5_13_xx44,june_covid19_participant_experience_cope_survey,,radio,"Do you think you have used more or less of the other substance in the past month than you used to?","COPE_A_227, Less often than usual | COPE_A_228, The same as usual | COPE_A_229, More often than usual","Start Date: 5/7/2020; End Date: 9/25/2020",,,,,"[tsu_ds5_13_xx(COPE_A_226)] = '1'",,LV,,,,
brcs_1,june_covid19_participant_experience_cope_survey,"Resilience

The next questions ask about your behavior and actions in the past month.",radio,"Please select the response that best reflects your behavior in the past month.
I look for creative ways to alter difficult situations.","COPE_A_15, Does not describe me at all | COPE_A_35, Does not describe me | COPE_A_176, Neutral | COPE_A_70, Describes me | COPE_A_88, Describes me very well","Start Date: 5/7/2020; End Date: 9/25/2020",,,,,,,LV,,,,
brcs_2,june_covid19_participant_experience_cope_survey,,radio,"Please select the response that best reflects your behavior in the past month.
Regardless of what happens to me, I believe I can control my reaction to it.","COPE_A_15, Does not describe me at all | COPE_A_35, Does not describe me | COPE_A_176, Neutral | COPE_A_70, Describes me | COPE_A_88, Describes me very well","Start Date: 5/7/2020; End Date: 9/25/2020",,,,,,,LV,,,,
brcs_3,june_covid19_participant_experience_cope_survey,,radio,"Please select the response that best reflects your behavior in the past month.
I believe I can grow in positive ways by dealing with difficult situations.","COPE_A_15, Does not describe me at all | COPE_A_35, Does not describe me | COPE_A_176, Neutral | COPE_A_70, Describes me | COPE_A_88, Describes me very well","Start Date: 5/7/2020; End Date: 9/25/2020",,,,,,,LV,,,,
brcs_4,june_covid19_participant_experience_cope_survey,,radio,"Please select the response that best reflects your behavior in the past month.
I actively look for ways to replace the losses I encounter in life.","COPE_A_15, Does not describe me at all | COPE_A_35, Does not describe me | COPE_A_176, Neutral | COPE_A_70, Describes me | COPE_A_88, Describes me very well","Start Date: 5/7/2020; End Date: 9/25/2020",,,,,,,LV,,,,
eds_1,june_covid19_participant_experience_cope_survey,"Discrimination

The next statements describe how others may treat you.",radio,"In your day-to-day life, how often did this happen to you during the past month?
You are treated with less courtesy than other people are.","COPE_A_113, Almost everyday | COPE_A_62, At least once a week | COPE_A_84, A few times a month | COPE_A_120, Never","Start Date: 5/7/2020; End Date: 9/25/2020 EXCEPT cope_a_120: 3/5/2021",,,,,,,LV,,,,
eds_2,june_covid19_participant_experience_cope_survey,,radio,"In your day-to-day life, how often did this happen to you during the past month?
You are treated with less respect than other people are.","COPE_A_113, Almost everyday | COPE_A_62, At least once a week | COPE_A_84, A few times a month | COPE_A_120, Never","Start Date: 5/7/2020; End Date: 9/25/2020 EXCEPT cope_a_120: 3/5/2021",,,,,,,LV,,,,
eds_3,june_covid19_participant_experience_cope_survey,,radio,"In your day-to-day life, how often did this happen to you during the past month?
You receive poorer service than other people at restaurants or stores.","COPE_A_113, Almost everyday | COPE_A_62, At least once a week | COPE_A_84, A few times a month | COPE_A_120, Never","Start Date: 5/7/2020; End Date: 9/25/2020 EXCEPT cope_a_120: 3/5/2021",,,,,,,LV,,,,
eds_4,june_covid19_participant_experience_cope_survey,,radio,"In your day-to-day life, how often did this happen to you during the past month?
People act as if they think you are not smart.","COPE_A_113, Almost everyday | COPE_A_62, At least once a week | COPE_A_84, A few times a month | COPE_A_120, Never","Start Date: 5/7/2020; End Date: 9/25/2020 EXCEPT cope_a_120: 3/5/2021",,,,,,,LV,,,,
eds_5,june_covid19_participant_experience_cope_survey,,radio,"In your day-to-day life, how often did this happen to you during the past month?
People act as if they are afraid of you.","COPE_A_113, Almost everyday | COPE_A_62, At least once a week | COPE_A_84, A few times a month | COPE_A_120, Never","Start Date: 5/7/2020; End Date: 9/25/2020 EXCEPT cope_a_120: 3/5/2021",,,,,,,LV,,,,
eds_6,june_covid19_participant_experience_cope_survey,,radio,"In your day-to-day life, how often did this happen to you during the past month?
People act as if they think you are dishonest.","COPE_A_113, Almost everyday | COPE_A_62, At least once a week | COPE_A_84, A few times a month | COPE_A_120, Never","Start Date: 5/7/2020; End Date: 9/25/2020 EXCEPT cope_a_120: 3/5/2021",,,,,,,LV,,,,
eds_7,june_covid19_participant_experience_cope_survey,,radio,"In your day-to-day life, how often did this happen to you during the past month?
People act as if they're better than you are.","COPE_A_113, Almost everyday | COPE_A_62, At least once a week | COPE_A_84, A few times a month | COPE_A_120, Never","Start Date: 5/7/2020; End Date: 9/25/2020 EXCEPT cope_a_120: 3/5/2021",,,,,,,LV,,,,
eds_8,june_covid19_participant_experience_cope_survey,,radio,"In your day-to-day life, how often did this happen to you during the past month?
You are called names or insulted.","COPE_A_113, Almost everyday | COPE_A_62, At least once a week | COPE_A_84, A few times a month | COPE_A_120, Never","Start Date: 5/7/2020; End Date: 9/25/2020 EXCEPT cope_a_120: 3/5/2021",,,,,,,LV,,,,
eds_9,june_covid19_participant_experience_cope_survey,,radio,"In your day-to-day life, how often did this happen to you during the past month?
You are threatened or harassed.","COPE_A_113, Almost everyday | COPE_A_62, At least once a week | COPE_A_84, A few times a month | COPE_A_120, Never","Start Date: 5/7/2020; End Date: 9/25/2020 EXCEPT cope_a_120: 3/5/2021",,,,,,,LV,,,,
eds_follow_up_1,june_covid19_participant_experience_cope_survey,,checkbox,"What do you think is the main reason(s) for these experiences? Select all that apply.","COPE_A_11, Your ancestry or national origins | COPE_A_100, Your gender | COPE_A_98, Your race | COPE_A_8, Your age | COPE_A_190, Your religion | COPE_A_66, Your height | COPE_A_46, Your weight | COPE_A_108, Some other aspect of your physical appearance | COPE_A_45, Your sexual orientation | COPE_A_145, Your education or income level | COPE_A_226, Other","Start Date: 5/7/2020; End Date: 9/25/2020 EXCEPT cope_a_226: 3/5/2021",,,,,"[eds_9] = 'COPE_A_84' or [eds_9] = 'COPE_A_62' or [eds_9] = 'COPE_A_113' or [eds_8] = 'COPE_A_84' or [eds_8] = 'COPE_A_62' or [eds_8] = 'COPE_A_113' or [eds_7] = 'COPE_A_84' or [eds_7] = 'COPE_A_62' or [eds_7] = 'COPE_A_113' or [eds_6] = 'COPE_A_84' or [eds_6] = 'COPE_A_62' or [eds_6] = 'COPE_A_113' or [eds_5] = 'COPE_A_84' or [eds_5] = 'COPE_A_62' or [eds_5] = 'COPE_A_113' or [eds_4] = 'COPE_A_84' or [eds_4] = 'COPE_A_62' or [eds_4] = 'COPE_A_113' or [eds_3] = 'COPE_A_84' or [eds_3] = 'COPE_A_62' or [eds_3] = 'COPE_A_113' or [eds_2] = 'COPE_A_84' or [eds_2] = 'COPE_A_62' or [eds_2] = 'COPE_A_113' or [eds_1] = 'COPE_A_84' or [eds_1] = 'COPE_A_62' or [eds_1] = 'COPE_A_113'",,LV,,,,
eds_follow_up_1_xx,june_covid19_participant_experience_cope_survey,,text,"Other reason - please specify.",,"Start Date: 5/7/2020; End Date: 9/25/2020",,,,,"[eds_follow_up_1(COPE_A_226)] = '1'",,LV,,,,"REGISTERED_QUESTION_SUPPRESSED, CONTROLLED_QUESTION_SUPPRESSED"
outro_text,june_covid19_participant_experience_cope_survey,,descriptive,"To learn more about COVID-19: <a href=""https://www.cdc.gov"">https://www.cdc.gov</a> and <a href=""https://www.coronavirus.gov/"">https://www.coronavirus.gov/</a>

For more information on mental health topics and research: <a href=""https://www.nimh.nih.gov/health/index.shtml"">https://www.nimh.nih.gov/health/index.shtml</a>

If you or someone you care about needs help:
National Institute of Mental Health Getting Help page: <a href=""https://www.nimh.nih.gov/health/find-help/index.shtml"">https://www.nimh.nih.gov/health/find-help/index.shtml</a>

Substance Abuse and Mental Health Services Administration Treatment Locator: <a href=""https://findtreatment.samhsa.gov"">https://findtreatment.samhsa.gov</a>

For immediate assistance: National Suicide Prevention Lifeline: <a href=""https://suicidepreventionlifeline.org/talk-to-someone-now"">https://suicidepreventionlifeline.org/talk-to-someone-now</a> or at <a href=""tel:1-800-273-8255"">1-800-273-8255</a> (En Espa",,,,,,,,,,,,,
outro_text_2,june_covid19_participant_experience_cope_survey,,descriptive,"Thank You! Your responses are making a difference in health research.

Every day we learn more about COVID-19 and its impact. Your answers help researchers understand how people cope during a crisis like this.

Your privacy is very important to us. Your name and identity will be separated from your answers before information is shared with approved researchers.

Did You Know? Meditation can be done safely from home and can help lower stress.",,,,,,,,,,,,,
cope_codeversions,cope_may_documentation,,descriptive,"COPE Code Versions (May 2020-February 2021)",,,,,,,,,,,,,
