field_name,form_name,section_header,field_type,field_label,select_choices_or_calculations,field_note,text_validation_type_or_show_slider_number,text_validation_min,text_validation_max,identifier,branching_logic,required_field,custom_alignment,question_number,matrix_group_name,matrix_ranking,field_annotation
record_id,the_basics,,text,"Record ID",,,,,,,,,LV,,,,
thebasics,the_basics,,descriptive,"The Basics",,,,,,,,,,,,,"Revised version launched 10/28/2021 and contains one minor change - the follow up sexual orientation item (genderidentity_sexualcloserdescription) changed from a single select to a multi-select item. Revised version launched 10/21/2019 (PTSC) & 12/10/2019 (CE). Contains six new disability items & revisions to select SOGI items. Original version launched 5/30/2017 (PTSC)."
thebasics_intro,the_basics,,descriptive,"This survey asks questions about you, your work, and your home life. This is to better understand how they may affect health. To ensure your privacy, your name will be separated from your answers before they are shared with researchers. 

It takes about 10-15 minutes to answer these questions. Please answer each question as honestly as possible. There are no right or wrong answers to any of the questions. It is important that you answer as many questions as you can. We are looking for your own answers, and not what you think your doctors, family, or friends want you to say.

Don't feel like you have to spend a long time on each question. The first answer that comes to you is usually the best one. If you aren't sure how to answer a question, choose the best answer from the options given.",,,,,,,,,,,,,
thebasics_birthplace,the_basics,"The first 9 questions ask about basic background information.",radio,"In what country were you born? ","Birthplace_USA, USA | PMI_Other, Other","Start Date: 5/30/2017",,,,,,,LV,,,,REGISTERED_ANSWERS_BUCKETED
thebasics_countryborntextbox,the_basics,,text,"Please specify.",,"Start Date: 5/30/2017",,,,,"[thebasics_birthplace] = 'PMI_Other'",,LV,,,,"REGISTERED_QUESTION_SUPPRESSED, CONTROLLED_QUESTION_SUPPRESSED"
race_whatraceethnicity,the_basics,,checkbox,"Which categories describe you? Select all that apply. Note, you may select more than one group. ","WhatRaceEthnicity_AIAN, American Indian or Alaska Native (For example: Aztec, Blackfeet Tribe, Mayan, Navajo Nation, Native Village of Barrow Inupiat Traditional Government, Nome Eskimo Community, etc.) | WhatRaceEthnicity_Asian, Asian (For example: Asian Indian, Chinese, Filipino, Japanese, Korean, Vietnamese, etc.) | WhatRaceEthnicity_Black, Black, African American or African (For example: African American, Ethiopian, Haitian, Jamaican, Nigerian, Somali, etc.) | WhatRaceEthnicity_Hispanic, Hispanic, Latino, or Spanish  (For example: Columbian, Cuban, Dominican, Mexican or Mexican American, Puerto Rican, Salvadoran, etc.) | WhatRaceEthnicity_MENA, Middle Eastern or North African (For example: Algerian, Egyptian, Iranian, Lebanese, Moroccan, Syrian, etc.) | WhatRaceEthnicity_NHPI, Native Hawaiian or other Pacific Islander (For example: Chamorro, Fijian, Marshallese, Native Hawaiian, Tongan, etc.) | WhatRaceEthnicity_White, White (For example: English, European, French, German, Irish, Italian, Polish, etc.) | WhatRaceEthnicity_RaceEthnicityNoneOfThese, None of these fully describe me | PMI_PreferNotToAnswer, Prefer not to answer","Start Date: 5/30/2017",,,,,,,LV,,,,"@NONEOFTHEABOVE=PMI_PreferNotToAnswer, REGISTERED_ANSWERS_BUCKETED,
CONTROLLED_ANSWER_SUPPRESSED=WhatRaceEthnicity_AIAN"
whatraceethnicity_raceethnicitynoneofthese,the_basics,,text,"Please specify.",,"Start Date: 5/30/2017",,,,,"[race_whatraceethnicity(WhatRaceEthnicity_RaceEthnicityNoneOfThese)] = '1'",,LV,,,,"REGISTERED_QUESTION_SUPPRESSED, CONTROLLED_QUESTION_SUPPRESSED"
aian_aianspecific,the_basics,,checkbox,"American Indian or Alaska Native (Select all that apply)","AIANSpecific_AmericanIndian, American Indian | AIANSpecific_AlaskaNative, Alaska Native | AIANSpecific_CentralSouthAmericanIndian, Central or South American Indian | AIANSpecific_AIANNoneOfTheseDescribeMe, None of these fully describe me","Start Date: 5/30/2017",,,,,"[race_whatraceethnicity(WhatRaceEthnicity_AIAN)] = '1'",,LV,,,,"@NONEOFTHEABOVE=AIANSpecific_AIANNoneOfTheseDescribeMe REGISTERED_QUESTION_SUPPRESSED, CONTROLLED_QUESTION_SUPPRESSED"
aian_tribe,the_basics,,text,"Provide the name of the tribe in which you are enrolled  or affiliated or your tribal descent. (for example, Navajo Nation, Blackfeet Tribe, Mayan, Aztec, Native Village of Barrow Inupiat Traditional Government, Nome Eskimo Community, etc.)
",,"Start Date: 5/30/2017",,,,,"[aian_aianspecific(AIANSpecific_AmericanIndian)] = '1' or [aian_aianspecific(AIANSpecific_AlaskaNative)] = '1' or [aian_aianspecific(AIANSpecific_CentralSouthAmericanIndian)] = '1'",,LV,,,,"REGISTERED_QUESTION_SUPPRESSED, CONTROLLED_QUESTION_SUPPRESSED"
aiannoneofthesedescribeme_aianfreetext,the_basics,,text,"Please specify.",,"Start Date: 5/30/2017",,,,,"[aian_aianspecific(AIANSpecific_AIANNoneOfTheseDescribeMe)] = '1'",,LV,,,,"REGISTERED_QUESTION_SUPPRESSED, CONTROLLED_QUESTION_SUPPRESSED"
asian_asianspecific,the_basics,,checkbox,"Asian (Select all that apply)","AsianSpecific_AsianSpecificIndian, Asian Indian | AsianSpecific_Cambodian, Cambodian | AsianSpecific_Chinese, Chinese | AsianSpecific_Filipino, Filipino | AsianSpecific_Hmong, Hmong | AsianSpecific_Japanese, Japanese | AsianSpecific_Korean, Korean | AsianSpecific_Pakistani, Pakistani | AsianSpecific_Vietnamese, Vietnamese | AsianSpecific_NoneOfTheseDescribeMe, None of these fully describe me","Start Date: 5/30/2017",,,,,"[race_whatraceethnicity(WhatRaceEthnicity_Asian)] = '1'",,LV,,,,"@NONEOFTHEABOVE=AsianSpecific_NoneOfTheseDescribeMe REGISTERED_QUESTION_SUPPRESSED, CONTROLLED_QUESTION_SUPPRESSED"
noneofthesedescribeme_asianfreetext,the_basics,,text,"Please specify.",,"Start Date: 5/30/2017",,,,,"[asian_asianspecific(AsianSpecific_NoneOfTheseDescribeMe)] = '1'",,LV,,,,"REGISTERED_QUESTION_SUPPRESSED, CONTROLLED_QUESTION_SUPPRESSED"
black_blackspecific,the_basics,,checkbox,"Black, African American or African (Select all that apply)","BlackSpecific_AfricanAmerican, African American | BlackSpecific_Barbadian, Barbadian | BlackSpecific_Caribbean, Caribbean | BlackSpecific_Ethiopian, Ethiopian | BlackSpecific_Ghanaian, Ghanaian | BlackSpecific_Haitian, Haitian | BlackSpecific_Jamaican, Jamaican | BlackSpecific_Liberian, Liberian | BlackSpecific_Nigerian, Nigerian | BlackSpecific_Somali, Somali | BlackSpecific_SouthAfrican, South African | BlackSpecific_BlackNoneOfTheseDescribeMe, None of these fully describe me","Start Date: 5/30/2017",,,,,"[race_whatraceethnicity(WhatRaceEthnicity_Black)] = '1'",,LV,,,,"@NONEOFTHEABOVE=BlackSpecific_BlackNoneOfTheseDescribeMe REGISTERED_QUESTION_SUPPRESSED, CONTROLLED_QUESTION_SUPPRESSED"
blacknoneofthesedescribeme_blackfreetext,the_basics,,text,"Please specify.",,"Start Date: 5/30/2017",,,,,"[black_blackspecific(BlackSpecific_BlackNoneOfTheseDescribeMe)] = '1'",,LV,,,,"REGISTERED_QUESTION_SUPPRESSED, CONTROLLED_QUESTION_SUPPRESSED"
hispanic_hispanicspecific,the_basics,,checkbox,"Hispanic, Latino, or Spanish (Select all that apply)","HispanicSpecific_Colombian, Colombian | HispanicSpecific_Cuban, Cuban | HispanicSpecific_Dominican, Dominican | HispanicSpecific_Ecuadorian, Ecuadorian | HispanicSpecific_Honduran, Honduran | HispanicSpecific_Mexican, Mexican or Mexican American | HispanicSpecific_PuertoRican, Puerto Rican | HispanicSpecific_Salvadoran, Salvadoran | HispanicSpecific_Spanish, Spanish | HispanicSpecific_HispanicNoneOfTheseDescribeMe, None of these fully describe me","Start Date: 5/30/2017",,,,,"[race_whatraceethnicity(WhatRaceEthnicity_Hispanic)] = '1'",,LV,,,,"@NONEOFTHEABOVE=HispanicSpecific_HispanicNoneOfTheseDescribeMe REGISTERED_QUESTION_SUPPRESSED, CONTROLLED_QUESTION_SUPPRESSED"
hispanicnoneofthesedescribeme_hispanicfreetext,the_basics,,text,"Please specify.",,"Start Date: 5/30/2017",,,,,"[hispanic_hispanicspecific(HispanicSpecific_HispanicNoneOfTheseDescribeMe)] = '1'",,LV,,,,"REGISTERED_QUESTION_SUPPRESSED, CONTROLLED_QUESTION_SUPPRESSED"
mena_menaspecific,the_basics,,checkbox,"Middle Eastern or North African (Select all that apply)","MENASpecific_Afghan, Afghan | MENASpecific_Algerian, Algerian | MENASpecific_Egypt, Egyptian | MENASpecific_Iranian, Iranian | MENASpecific_Iraqi, Iraqi | MENASpecific_Israeli, Israeli | MENASpecific_Lebanese, Lebanese | MENASpecific_Moroccan, Moroccan | MENASpecific_Syrian, Syrian | MENASpecific_Tunisian, Tunisian | MENASpecific_MENANoneOfTheseDescribeMe, None of these fully describe me","Start Date: 5/30/2017",,,,,"[race_whatraceethnicity(WhatRaceEthnicity_MENA)] = '1'",,LV,,,,"@NONEOFTHEABOVE=MENASpecific_MENANoneOfTheseDescribeMe REGISTERED_QUESTION_SUPPRESSED, CONTROLLED_QUESTION_SUPPRESSED"
menanoneofthesedescribeme_menafreetext,the_basics,,text,"Please specify.",,"Start Date: 5/30/2017",,,,,"[mena_menaspecific(MENASpecific_MENANoneOfTheseDescribeMe)] = '1'",,LV,,,,"REGISTERED_QUESTION_SUPPRESSED, CONTROLLED_QUESTION_SUPPRESSED"
nhpi_nhpispecific,the_basics,,checkbox,"Native Hawaiian or other Pacific Islander (Select all that apply)","NHPISpecific_Chamorro, Chamorro | NHPISpecific_Chuukese, Chuukese | NHPISpecific_Fijian, Fijian | NHPISpecific_Marshallese, Marshallese | NHPISpecific_NativeHawaiian, Native Hawaiian | NHPISpecific_Palauan, Palauan | NHPISpecific_Samoan, Samoan | NHPISpecific_Tahitian, Tahitian | NHPISpecific_Tongan, Tongan | NHPISpecific_NHPINoneOfTheseDescribeMe, None of these fully describe me","Start Date: 5/30/2017",,,,,"[race_whatraceethnicity(WhatRaceEthnicity_NHPI)] = '1'",,LV,,,,"@NONEOFTHEABOVE=NHPISpecific_NHPINoneOfTheseDescribeMe REGISTERED_QUESTION_SUPPRESSED, CONTROLLED_QUESTION_SUPPRESSED"
nhpinoneofthesedescribeme_nhpifreetext,the_basics,,text,"Please specify.",,"Start Date: 5/30/2017",,,,,"[nhpi_nhpispecific(NHPISpecific_NHPINoneOfTheseDescribeMe)] = '1'",,LV,,,,"REGISTERED_QUESTION_SUPPRESSED, CONTROLLED_QUESTION_SUPPRESSED"
white_whitespecific,the_basics,,checkbox,"White (Select all that apply)","WhiteSpecific_Dutch, Dutch | WhiteSpecific_English, English | WhiteSpecific_European, European | WhiteSpecific_French, French | WhiteSpecific_German, German | WhiteSpecific_Irish, Irish | WhiteSpecific_Italian, Italian | WhiteSpecific_Norwegian, Norwegian | WhiteSpecific_Polish, Polish | WhiteSpecific_Scottish, Scottish | WhiteSpecific_Spanish, Spanish | WhiteSpecific_WhiteNoneOfTheseDescribeMe, None of these fully describe me","Start Date: 5/30/2017",,,,,"[race_whatraceethnicity(WhatRaceEthnicity_White)] = '1'",,LV,,,,"@NONEOFTHEABOVE=WhiteSpecific_WhiteNoneOfTheseDescribeMe REGISTERED_QUESTION_SUPPRESSED, CONTROLLED_QUESTION_SUPPRESSED"
whitenoneofthesedescribeme_whitefreetext,the_basics,,text,"Please specify.",,"Start Date: 5/30/2017",,,,,"[white_whitespecific(WhiteSpecific_WhiteNoneOfTheseDescribeMe)] = '1'",,LV,,,,"REGISTERED_QUESTION_SUPPRESSED, CONTROLLED_QUESTION_SUPPRESSED"
gender_genderidentity,the_basics,,checkbox,"What terms best express how you describe your gender identity? (Check all that apply) ","GenderIdentity_Man, Man | GenderIdentity_Woman, Woman | GenderIdentity_NonBinary, Non-binary | GenderIdentity_Transgender, Transgender | GenderIdentity_AdditionalOptions, None of these describe me, and I'd like to consider additional options | PMI_PreferNotToAnswer, Prefer not to answer","Start Date: 5/30/2017",,,,,,,LV,,,,"@NONEOFTHEABOVE='PMI_PreferNotToAnswer,GenderIdentity_AdditionalOptions' REGISTERED_ANSWERS_BUCKETED"
gender_closergenderdescription,the_basics,,checkbox,"Are any of these a closer description to your gender identity? (Check all that apply)","CloserGenderDescription_TransMan, Trans man/Transgender Man/FTM | CloserGenderDescription_TransWoman, Trans woman/Transgender Woman/MTF | CloserGenderDescription_Genderqueer, Genderqueer | CloserGenderDescription_Genderfluid, Genderfluid | CloserGenderDescription_GenderVariant, Gender variant | SexualityCloserDescription_TwoSpirit, Two-spirit | CloserGenderDescription_Unsure, Questioning or unsure of your gender identity | CloserGenderDescription_SpecifiedGender, None of these describe me, and I want to specify","Start Date: 5/30/2017",,,,,"[gender_genderidentity(GenderIdentity_NonBinary)] = '1' or [gender_genderidentity(GenderIdentity_Transgender)] = '1' or [gender_genderidentity(GenderIdentity_AdditionalOptions)] = '1'",,LV,,,,"@NONEOFTHEABOVE=CloserGenderDescription_SpecifiedGender REGISTERED_QUESTION_SUPPRESSED"
specifiedgender_specifiedgendertextbox,the_basics,,text,"Please specify.",,"Start Date: 5/30/2017",,,,,"[gender_closergenderdescription(CloserGenderDescription_SpecifiedGender)] = '1'",,LV,,,,"REGISTERED_QUESTION_SUPPRESSED, CONTROLLED_QUESTION_SUPPRESSED"
biologicalsexatbirth_sexatbirth,the_basics,,radio,"What was your biological sex assigned at birth? ","SexAtBirth_Male, Male | SexAtBirth_Female, Female | SexAtBirth_Intersex, Intersex | SexAtBirth_SexAtBirthNoneOfThese, None of these describe me | PMI_PreferNotToAnswer, Prefer not to answer","Start Date: 5/30/2017",,,,,,,LV,,,,REGISTERED_ANSWERS_BUCKETED
sexatbirthnoneofthese_sexatbirthtextbox,the_basics,,text,"Please specify.",,"Start Date: 5/30/2017",,,,,"[biologicalsexatbirth_sexatbirth] = 'SexAtBirth_SexAtBirthNoneOfThese'",,LV,,,,"REGISTERED_QUESTION_SUPPRESSED, CONTROLLED_QUESTION_SUPPRESSED"
thebasics_sexualorientation,the_basics,,checkbox,"Which of the following best represents how you think of yourself? (Check all that apply)","SexualOrientation_Gay, Gay | SexualOrientation_Lesbian, Lesbian | SexualOrientation_Straight, Straight; that is, not gay or lesbian, etc. | SexualOrientation_Bisexual, Bisexual | SexualOrientation_None, None of these describe me and I'd like to see additional options | PMI_PreferNotToAnswer, Prefer not to answer","Start Date: 5/30/2017",,,,,,,LV,,,,"@NONEOFTHEABOVE='PMI_PreferNotToAnswer,SexualOrientation_None' REGISTERED_ANSWERS_BUCKETED"
genderidentity_sexualitycloserdescription,the_basics,,checkbox,"Are any of these a closer description of how you think of yourself?","SexualityCloserDescription_Queer, Queer | SexualityCloserDescription_PolyOmniSapioPansexual, Polysexual, omnisexual, sapiosexual or pansexual | SexualityCloserDescription_Asexual, Asexual | SexualityCloserDescription_TwoSpirit, Two-spirit | SexualityCloserDescription_NotFiguredOut, Have not figured out or are in the process of figuring our your sexuality | SexualityCloserDescription_MostlyStraight, Mostly straight, but  sometimes attracted to people of your own sex | SexualityCloserDescription_NoSexuality, Do not think of yourself as having sexuality | SexualityCloserDescription_NoLabels, Do not use labels to identity yourself | SexualityCloserDescription_DontKnow, Don't know the answer | SexualityCloserDescription_SomethingElse, No, I mean something else","Start Date: 5/30/2017; changed to multi-select item on 10/28/21",,,,,"[thebasics_sexualorientation(SexualOrientation_None)] = '1'",,LV,,,,"REGISTERED_QUESTION_SUPPRESSED
@noneoftheabove = SexualityCloserDescription_NoSexuality, SexualityCloserDescription_NoLabels,
SexualityCloserDescription_DontKnow, 
SexualityCloserDescription_SomethingElse"
somethingelse_sexualitysomethingelsetextbox,the_basics,,text,"Please specify.",,"Start Date: 5/30/2017",,,,,"[genderidentity_sexualitycloserdescription(SexualityCloserDescription_SomethingElse)] = '1'",,LV,,,,"REGISTERED_QUESTION_SUPPRESSED, CONTROLLED_QUESTION_SUPPRESSED"
educationlevel_highestgrade,the_basics,,radio,"What is the highest grade or year of school you completed? ","HighestGrade_NeverAttended, Never attended school or only attended kindergarten | HighestGrade_OneThroughFour, Grades 1 through 4 (Primary school) | HighestGrade_FiveThroughEight, Grades 5 through 8 (Middle school) | HighestGrade_NineThroughEleven, Grades 9 through 11 (Some high school) | HighestGrade_TwelveOrGED, Grade 12 or GED (High school graduate) | HighestGrade_CollegeOnetoThree, 1 to 3 years after high school (Some college, Associate's Degree, or technical school) | HighestGrade_CollegeGraduate, College 4 years or more (College graduate) | HighestGrade_AdvancedDegree, Advanced degree (Master's, Doctorate, etc.) | PMI_PreferNotToAnswer, Prefer not to answer","Start Date: 5/30/2017",,,,,,,LV,,,,REGISTERED_ANSWERS_BUCKETED
activeduty_activedutyservestatus,the_basics,,radio,"Have you ever served on active duty in the United States Armed Forces, either in the regular military or in a National Guard or military reserve unit? 

Note: Active duty does not include training for the Reserves or National Guard, but DOES include activation, for example, for the Persian Gulf War.","AvtiveDutyServeStatus_Yes, Yes | AvtiveDutyServeStatus_No, No | PMI_PreferNotToAnswer, Prefer not to answer","Start Date: 5/30/2017",,,,,,,LV,,,,"REGISTERED_QUESTION_SUPPRESSED, activeduty_activedutyservestatus=ActiveDuty_AvtiveDutyServeStatus"
maritalstatus_currentmaritalstatus,the_basics,,radio,"What is your current marital status? ","CurrentMaritalStatus_Married, Married | CurrentMaritalStatus_Divorced, Divorced | CurrentMaritalStatus_Widowed, Widowed | CurrentMaritalStatus_Separated, Separated | CurrentMaritalStatus_NeverMarried, Never married | CurrentMaritalStatus_LivingWithPartner, Living with partner | PMI_PreferNotToAnswer, Prefer not to answer","Start Date: 5/30/2017",,,,,,,LV,,,,
livingsituation_howmanypeople,the_basics,"The next 2 questions ask about any people who live with you.",text,"Not including yourself, how many other people live at home with you?",,"Start Date: 5/30/2017",integer,0,20,,,,LV,,,,"REGISTERED_ANSWERS_BUCKETED, CONTROLLED_ANSWERS_BUCKETED"
livingsituation_peopleunder18,the_basics,,text,"Think of other people who live with you. How many are under the age of 18 years? ",,"Start Date: 5/30/2017",integer,1,20,,"[livingsituation_howmanypeople] > '0'",,LV,,,,"REGISTERED_ANSWERS_BUCKETED, CONTROLLED_ANSWERS_BUCKETED"
insurance_healthinsurance,the_basics,"The next questions are about health insurance. Include health insurance obtained through employment or purchased directly as well as government programs like Medicare and Medicaid that provide medical care or help pay medical bills.",radio,"Are you covered by health insurance or some other kind of health care plan? ","HealthInsurance_Yes, Yes | HealthInsurance_No, No | PMI_PreferNotToAnswer, Prefer not to answer | PMI_Dontknow, Don't know","Start Date: 5/30/2017; End Date: 5/31/2018 EXCEPT: HealthInsurance_Yes, HealthInsurance_No",,,,,,,LV,,,,
healthinsurance_healthinsurancetype,the_basics,,checkbox,"Are you currently covered by any of the following types of health insurance or health coverage plans? Select all that apply from one group.","InsuranceTypeUpdate_Purchased, Insurance purchased directly from an insurance company (by you or another family member) | InsuranceTypeUpdate_EmployerOrUnion, Insurance through a current or former employer or union (by you or another family member) | InsuranceTypeUpdate_Medicare, Medicare, for people 65 and older or people with certain disabilities | InsuranceTypeUpdate_Medicaid, Medicaid, Medical Assistance, or any kind of government-assistance plan for those with low incomes or disability | InsuranceTypeUpdate_Military, TRICARE or other military health care | InsuranceTypeUpdate_VA, Veterans Affairs (VA) (including those who have ever used or enrolled for VA health care) | InsuranceTypeUpdate_Indian, Indian Health Service | InsuranceTypeUpdate_OtherHealthPlan, Any other type of health insurance or health coverage plan | InsuranceTypeUpdate_None, I don't have health insurance, self-pay","Start Date: 5/30/2017 EXCEPT [InsuranceTypeUpdate_Purchased, InsuranceTypeUpdate_Medicare, InsuranceTypeUpdate_Medicaid, InsuranceTypeUpdate_Military, InsuranceTypeUpdate_VA, InsuranceTypeUpdate_Indian, InsuranceTypeUpdate_OtherHealthPlan, InsuranceTypeUpdate_None]: 5/31/2018 InsuranceTypeUpdate_EmployerOrUnion: 6/4/2018; End Date: 5/31/2018 EXCEPT [InsuranceTypeUpdate_Purchased, InsuranceTypeUpdate_Medicare, InsuranceTypeUpdate_Medicaid, InsuranceTypeUpdate_Military, InsuranceTypeUpdate_VA, InsuranceTypeUpdate_Indian, InsuranceTypeUpdate_OtherHealthPlan, InsuranceTypeUpdate_None]",,,,,"[insurance_healthinsurance] = 'HealthInsurance_Yes'",,LV,,,,"@NONEOFTHEABOVE=InsuranceTypeUpdate_None, I don't have health insurance"
otherhealthplan_freetext,the_basics,,text,"Please specify.",,"Start Date: 5/30/2017",,,,,"[healthinsurance_healthinsurancetype(InsuranceTypeUpdate_OtherHealthPlan)] = '1'",,LV,,,,"REGISTERED_QUESTION_SUPPRESSED, CONTROLLED_QUESTION_SUPPRESSED"
disability_deaf,the_basics,"The next questions ask if you have a disability. Some questions will ask you about more than one disability at a time. Please answer ""Yes"" if you have any one of them.

Info button text: In 1990, Congress passed a civil rights law to protect people with disabilities. The name of that law is the ADA (Americans with Disabilities Act). Having a disability means you might have a physical or mental problem. That problem might make it hard to do certain things. You might have a problem with: walking, breathing, learning, reading, communicating, seeing, hearing, or thinking.)",radio,"Are you deaf or do you have serious difficulty hearing?","Deaf_Yes, Yes | Deaf_No, No | Deaf_PreferNotToAnswer, Prefer not to answer","Start Date: 10/21/2019",,,,,,,,,,,
disability_blind,the_basics,,radio,"Are you blind or do you have serious difficulty seeing, even when wearing glasses?","Blind_Yes, Yes | Blind_No, No | Blind_PreferNotToAnswer, Prefer not to answer","Start Date: 10/21/2019",,,,,,,,,,,
disability_difficultyconcentrating,the_basics,,radio,"Because of a physical, mental, or emotional condition, do you have serious difficulty concentrating, remembering or making decisions?","DifficultyConcentrating_Yes, Yes | DifficultyConcentrating_No, No | DifficultyConcentrating_PreferNotToAnswer, Prefer not to answer","Start Date: 10/21/2019",,,,,,,,,,,
disability_walkingclimbing,the_basics,,radio,"Do you have serious difficulty walking or climbing stairs?","WalkingClimbing_Yes, Yes | WalkingClimbing_No, No | WalkingClimbing_PreferNotToAnswer, Prefer not to answer","Start Date: 10/21/2019",,,,,,,,,,,
disability_dressingbathing,the_basics,,radio,"Do you have difficulty dressing or bathing?","DressingBathing_Yes, Yes | DressingBathing_No, No | DressingBathing_PreferNotToAnswer, Prefer not to answer","Start Date: 10/21/2019",,,,,,,,,,,
disability_errandsalone,the_basics,,radio,"Because of a physical, mental, or emotional condition, do you have difficulty doing errands alone such as visiting doctor's office or shopping?","ErrandsAlone_Yes, Yes | ErrandsAlone_No, No | ErrandsAlone_PreferNotToAnswer, Prefer not to answer","Start Date: 10/21/2019",,,,,,,,,,,
employment_employmentstatus,the_basics,"The next questions are about your job, income, and where you live.",checkbox,"What is your current employment status? Please select 1 or more of these categories. ","EmploymentStatus_EmployedForWages, Employed for wages (part-time or full-time) | EmploymentStatus_SelfEmployed, Self-employed | EmploymentStatus_OutOfWorkOneOrMore, Out of work for 1 year or more | EmploymentStatus_OutOfWorkLessThanOne, Out of work for less than 1 year | EmploymentStatus_Homemaker, A homemaker | EmploymentStatus_Student, A student | EmploymentStatus_Retired, Retired | EmploymentStatus_UnableToWork, Unable to work (disabled) | PMI_PreferNotToAnswer, Prefer not to answer","Start Date: 5/30/2017",,,,,,,LV,,,,"@NONEOFTHEABOVE=PMI_PreferNotToAnswer REGISTERED_ANSWERS_BUCKETED"
employment_employmentworkaddress,the_basics,,radio,"Sharing where you work may help us learn about how the environment affects health. Sharing your work address is your choice. You can say no and still take part in the program. 

What is your work street address?","employment_employmentworkaddress, Enter address | PMI_PreferNotToAnswer, Prefer not to answer","Start Date: 5/30/2017",,,,,"[employment_employmentstatus(EmploymentStatus_EmployedForWages)] = '1' or [employment_employmentstatus(EmploymentStatus_SelfEmployed)] = '1'",,LV,,,,"REGISTERED_QUESTION_SUPPRESSED, CONTROLLED_QUESTION_SUPPRESSED"
employmentworkaddress_addresslineone,the_basics,,text,"Address 1",,"Start Date: 5/30/2017",,,,,"[employment_employmentworkaddress] = 'employment_employmentworkaddress'",,LV,,,,"REGISTERED_QUESTION_SUPPRESSED, CONTROLLED_QUESTION_SUPPRESSED"
employmentworkaddress_addresslinetwo,the_basics,,text,"Address 2",,"Start Date: 5/30/2017",,,,,"[employment_employmentworkaddress] = 'employment_employmentworkaddress'",,LV,,,,"REGISTERED_QUESTION_SUPPRESSED, CONTROLLED_QUESTION_SUPPRESSED"
employmentworkaddress_city,the_basics,,text,City,,"Start Date: 5/30/2017",,,,,"[employment_employmentworkaddress] = 'employment_employmentworkaddress'",,LV,,,,"REGISTERED_QUESTION_SUPPRESSED, CONTROLLED_QUESTION_SUPPRESSED"
employmentworkaddress_state,the_basics,,dropdown,State,"State_AL, Alabama | State_AK, Alaska | State_AZ, Arizona | State_AR, Arkansas | State_CA, California | State_CO, Colorado | State_CT, Connecticut | State_DE, Delaware | State_FL, Florida | State_GA, Georgia | State_HI, Hawaii | State_ID, Idaho | State_IL, Illinois | State_IN, Indiana | State_IA, Iowa | State_KS, Kansas | State_KY, Kentucky | State_LA, Louisiana | State_ME, Maine | State_MD, Maryland | State_MA, Massachusetts | State_MI, Michigan | State_MN, Minnesota | State_MS, Mississippi | State_MO, Missouri | State_MT, Montana | State_NE, Nebraska | State_NV, Nevada | State_NH, New Hampshire | State_NJ, New Jersey | State_NM, New Mexico | State_NY, New York | State_NC, North Carolina | State_ND, North Dakota | State_OH, Ohio | State_OK, Oklahoma | State_OR, Oregon | State_PA, Pennsylvania | State_RI, Rhode Island | State_SC, South Carolina | State_SD, South Dakota | State_TN, Tennessee | State_TX, Texas | State_UT, Utah | State_VT, Vermont | State_VA, Virginia | State_WA, Washington | State_WV, West Virginia | State_WI, Wisconsin | State_WY, Wyoming | State_DC, District of Colombia","Start Date: 5/30/2017",,,,,"[employment_employmentworkaddress] = 'employment_employmentworkaddress'",,LV,,,,"REGISTERED_QUESTION_SUPPRESSED, CONTROLLED_QUESTION_SUPPRESSED"
employmentworkaddress_zipcode,the_basics,,text,"Zip Code",,"Start Date: 5/30/2017",zipcode,,,,"[employment_employmentworkaddress] = 'employment_employmentworkaddress'",,LV,,,,"REGISTERED_QUESTION_SUPPRESSED, CONTROLLED_QUESTION_SUPPRESSED"
employmentworkaddress_country,the_basics,,text,Country,,"Start Date: 5/30/2017",,,,,"[employment_employmentworkaddress] = 'employment_employmentworkaddress'",,LV,,,,"REGISTERED_QUESTION_SUPPRESSED, CONTROLLED_QUESTION_SUPPRESSED"
income_annualincome,the_basics,,radio,"One of the things we're trying to understand is how people's income may affect their use of health services.  Household income includes your income plus the income of all family members in your household for the last calendar year.  Include all wages and other sources of income.

What is your annual household income from all sources?","AnnualIncome_less10k, Less than $10,000 | AnnualIncome_10k25k, $10,000- $24,999 | AnnualIncome_25k35k, $25,000- $34,999 | AnnualIncome_35k50k, $35,000- $49,999 | AnnualIncome_50k75k, $50,000- $74,999 | AnnualIncome_75k100k, $75,000-$99,999 | AnnualIncome_100k150k, $100,000- $149,999 | AnnualIncome_150k200k, $150,000- $199,999 | AnnualIncome_more200k, $200,000 or more | PMI_PreferNotToAnswer, Prefer not to answer","Start Date: 5/30/2017",,,,,,,LV,,,,
homeown_currenthomeown,the_basics,,radio,"Do you own or rent the place where you live?","CurrentHomeOwn_Own, Own | CurrentHomeOwn_Rent, Rent | CurrentHomeOwn_OtherArrangement, Other arrangement | PMI_PreferNotToAnswer, Prefer not to answer","Start Date: 5/30/2017",,,,,,,LV,,,,
livingsituation_currentliving,the_basics,,radio,"Where are you currently living?","CurrentLiving_CollegeCamp, On a college campus | CurrentLiving_Friend, With a friend/roommate | CurrentLiving_Family, With family | CurrentLiving_MotelHotel, Motel/hotel | CurrentLiving_TemporaryInstitute, Hospital, rehabilitation center, drug treatment center, or other temporary institution | CurrentLiving_ResidentialFacility, In a group home, nursing home, or other residential facility | CurrentLiving_Transitional, Transitional housing | CurrentLiving_Shelter, Emergency shelter or homeless shelter | CurrentLiving_Outside, Anywhere outside (e.g., street, vehicle, abandoned building) | PMI_Other, Other","Start Date: 5/30/2017",,,,,"[homeown_currenthomeown] = 'CurrentHomeOwn_OtherArrangement'",,LV,,,,REGISTERED_QUESTION_SUPPRESSED
livingsituation_livingsituationfreetext,the_basics,,text,"Please specify where you are currently living.",,"Start Date: 5/30/2017",,,,,"[homeown_currenthomeown] = 'PMI_Other'",,LV,,,,"REGISTERED_QUESTION_SUPPRESSED, CONTROLLED_QUESTION_SUPPRESSED"
livingsituation_howmanylivingyears,the_basics,,radio,"How many years have you lived at your current address?","HowManyLivingYears_less1, Less than 1 year | HowManyLivingYears_1to2, 1-2 years | HowManyLivingYears_3to5, 3-5 years | HowManyLivingYears_6to10, 6-10 years | HowManyLivingYears_11to20, 11-20 years | HowManyLivingYears_more20, More than 20 years","Start Date: 5/30/2017",,,,,,,LV,,,,
livingsituation_stablehouseconcern,the_basics,"The next question is about stress you may feel about money.",radio,"In the past 6 months, have you been worried or concerned about NOT having a place to live?","StableHouseConcern_Yes, Yes | StableHouseConcern_No, No","Start Date: 5/30/2017",,,,,,,LV,,,,
socialsecurity_socialsecuritynumber,the_basics,"If you have a Social Security Number, sharing it with us may help add extra data to the All of Us database.  This extra data may come from places like your health care provider or pharmacy.

Sharing your Social Security Number is your choice. You can say no and still take part in the program.",radio,"What is your Social Security Number?","socialsecurity_socialsecuritynumber, Enter Social Security Number | SocialSecurity_PreferNotToAnswer, Prefer not to answer","Start Date: 5/30/2017",,,,,,,LV,,,,"REGISTERED_QUESTION_SUPPRESSED, REGISTERED_TOPIC_SUPPRESSED, CONTROLLED_QUESTION_SUPPRESSED, CONTROLLED_TOPIC_SUPPRESSED"
socialsecurity_socialsecuritynumber_text,the_basics,,text,"Social Security Number",,,integer,9,9,,"[socialsecurity_socialsecuritynumber] = 'socialsecurity_socialsecuritynumber'",,LV,,,,"REGISTERED_QUESTION_SUPPRESSED, CONTROLLED_QUESTION_SUPPRESSED"
secondarycontactinfo_firstcontactsinfo,the_basics,"To help us stay in touch with you in the future, the last section asks for contact information for family and/or friends. This information is not required in order to participate in the program. All information will be securely stored.",descriptive,"The All of Us Research Program may contact you periodically to gather additional health related information. In case we cannot contact you, please provide the names, addresses, and telephone numbers of 2 relatives or friends who would know where you could be reached in case we have trouble reaching you. (Please give us the names of persons not currently living in the household)",,"Start Date: 5/30/2017",,,,,,,,,,,REGISTERED_QUESTION_SUPPRESSED
secondarycontactinfo_persononefirstname,the_basics,"Secondary Contact: Person 1",text,"First Name",,"Start Date: 5/30/2017",,,,,,,LV,,,,"REGISTERED_QUESTION_SUPPRESSED, REGISTERED_TOPIC_SUPPRESSED, 
CONTROLLED_QUESTION_SUPPRESSED, CONTROLLED_TOPIC_SUPPRESSED"
secondarycontactinfo_persononemiddleinitial,the_basics,,text,"Middle Initial",,"Start Date: 5/30/2017",,,,,,,LV,,,,"REGISTERED_QUESTION_SUPPRESSED, CONTROLLED_QUESTION_SUPPRESSED"
secondarycontactinfo_persononelastname,the_basics,,text,"Last Name",,"Start Date: 5/30/2017",,,,,,,LV,,,,"REGISTERED_QUESTION_SUPPRESSED, CONTROLLED_QUESTION_SUPPRESSED"
secondarycontactinfo_persononeaddressone,the_basics,,text,"Address 1",,"Start Date: 5/30/2017",,,,,,,LV,,,,"REGISTERED_QUESTION_SUPPRESSED, CONTROLLED_QUESTION_SUPPRESSED"
secondarycontactinfo_persononeaddresstwo,the_basics,,text,"Address 2",,"Start Date: 5/30/2017",,,,,,,LV,,,,"REGISTERED_QUESTION_SUPPRESSED, CONTROLLED_QUESTION_SUPPRESSED"
persononeaddress_persononeaddresscity,the_basics,,text,City,,"Start Date: 5/30/2017",,,,,,,LV,,,,"REGISTERED_QUESTION_SUPPRESSED, CONTROLLED_QUESTION_SUPPRESSED"
persononeaddress_persononeaddressstate,the_basics,,dropdown,State,"PersonOneAddressState_AL, Alabama | PersonOneAddressState_AK, Alaska | PersonOneAddressState_AZ, Arizona | PersonOneAddressState_AR, Arkansas | PersonOneAddressState_CA, California | PersonOneAddressState_CO, Colorado | PersonOneAddressState_CT, Connecticut | PersonOneAddressState_DE, Delaware | PersonOneAddressState_FL, Florida | PersonOneAddressState_GA, Georgia | PersonOneAddressState_HI, Hawaii | PersonOneAddressState_ID, Idaho | PersonOneAddressState_IL, Illinois | PersonOneAddressState_IN, Indiana | PersonOneAddressState_IA, Iowa | PersonOneAddressState_KS, Kansas | PersonOneAddressState_KY, Kentucky | PersonOneAddressState_LA, Louisiana | PersonOneAddressState_ME, Maine | PersonOneAddressState_MD, Maryland | PersonOneAddressState_MA, Massachusetts | PersonOneAddressState_MI, Michigan | PersonOneAddressState_MN, Minnesota | PersonOneAddressState_MS, Mississippi | PersonOneAddressState_MO, Missouri | PersonOneAddressState_MT, Montana | PersonOneAddressState_NE, Nebraska | PersonOneAddressState_NV, Nevada | PersonOneAddressState_NH, New Hampshire | PersonOneAddressState_NJ, New Jersey | PersonOneAddressState_NM, New Mexico | PersonOneAddressState_NY, New York | PersonOneAddressState_NC, North Carolina | PersonOneAddressState_ND, North Dakota | PersonOneAddressState_OH, Ohio | PersonOneAddressState_OK, Oklahoma | PersonOneAddressState_OR, Oregon | PersonOneAddressState_PA, Pennsylvania | PersonOneAddressState_RI, Rhode Island | PersonOneAddressState_SC, South Carolina | PersonOneAddressState_SD, South Dakota | PersonOneAddressState_TN, Tennessee | PersonOneAddressState_TX, Texas | PersonOneAddressState_UT, Utah | PersonOneAddressState_VT, Vermont | PersonOneAddressState_VA, Virginia | PersonOneAddressState_WA, Washington | PersonOneAddressState_WV, West Virginia | PersonOneAddressState_WI, Wisconsin | PersonOneAddressState_WY, Wyoming | PersonOneAddressState_DC, District of Columbia","Start Date: 5/30/2017",,,,,,,LV,,,,"REGISTERED_QUESTION_SUPPRESSED, CONTROLLED_QUESTION_SUPPRESSED"
persononeaddress_persononeaddresszipcode,the_basics,,text,"Zip Code",,"Start Date: 5/30/2017",zipcode,,,,,,LV,,,,"REGISTERED_QUESTION_SUPPRESSED, CONTROLLED_QUESTION_SUPPRESSED"
secondarycontactinfo_persononeemail,the_basics,,text,"Email Address",,"Start Date: 5/30/2017",email,,,,,,LV,,,,"REGISTERED_QUESTION_SUPPRESSED, CONTROLLED_QUESTION_SUPPRESSED"
secondarycontactinfo_persononetelephone,the_basics,,text,"Phone Number",,"Start Date: 5/30/2017",phone,,,,,,LV,,,,"REGISTERED_QUESTION_SUPPRESSED, CONTROLLED_QUESTION_SUPPRESSED"
secondarycontactinfo_persononerelationship,the_basics,,radio,"Relationship to you:","PersonOneRelationship_Child, Child | PersonOneRelationship_Friend, Friend | PersonOneRelationship_ParentGuardian, Parent or Guardian | PersonOneRelationship_Relative, Relative | PersonOneRelationship_SpousePartner, Spouse or Partner","Start Date: 5/30/2017",,,,,,,LV,,,,"REGISTERED_QUESTION_SUPPRESSED, CONTROLLED_QUESTION_SUPPRESSED"
secondarycontactinfo_secondcontactsfirstname,the_basics,"Secondary Contact: Person 2",text,"First Name",,"Start Date: 5/30/2017",,,,,,,LV,,,,"REGISTERED_QUESTION_SUPPRESSED, REGISTERED_TOPIC_SUPPRESSED, 
CONTROLLED_QUESTION_SUPPRESSED, CONTROLLED_TOPIC_SUPPRESSED"
secondarycontactinfo_secondcontactsmiddleinitial,the_basics,,text,"Middle Initial",,"Start Date: 5/30/2017",,,,,,,LV,,,,"REGISTERED_QUESTION_SUPPRESSED, CONTROLLED_QUESTION_SUPPRESSED"
secondarycontactinfo_secondcontactslastname,the_basics,,text,"Last Name",,"Start Date: 5/30/2017",,,,,,,LV,,,,"REGISTERED_QUESTION_SUPPRESSED, CONTROLLED_QUESTION_SUPPRESSED"
secondarycontactinfo_secondcontactsaddressone,the_basics,,text,"Address 1",,"Start Date: 5/30/2017",,,,,,,LV,,,,"REGISTERED_QUESTION_SUPPRESSED, CONTROLLED_QUESTION_SUPPRESSED"
secondarycontactinfo_secondcontactsaddresstwo,the_basics,,text,"Address 2",,"Start Date: 5/30/2017",,,,,,,LV,,,,"REGISTERED_QUESTION_SUPPRESSED, CONTROLLED_QUESTION_SUPPRESSED"
secondcontactsaddress_secondcontactcity,the_basics,,text,City,,"Start Date: 5/30/2017",,,,,,,LV,,,,"REGISTERED_QUESTION_SUPPRESSED, CONTROLLED_QUESTION_SUPPRESSED"
secondcontactsaddress_secondcontactstate,the_basics,,dropdown,State,"SecondContactState_Alabama, Alabama | SecondContactState_Alaska, Alaska | SecondContactState_Arizona, Arizona | SecondContactState_Arkansas, Arkansas | SecondContactState_California, California | SecondContactState_Colorado, Colorado | SecondContactState_Connecticut, Connecticut | SecondContactState_Delaware, Delaware | SecondContactState_Florida, Florida | SecondContactState_Georgia, Georgia | SecondContactState_Hawaii, Hawaii | SecondContactState_Idaho, Idaho | SecondContactState_Illinois, Illinois | SecondContactState_Indiana, Indiana | SecondContactState_Iowa, Iowa | SecondContactState_Kansas, Kansas | SecondContactState_Kentucky, Kentucky | SecondContactState_Louisiana, Louisiana | SecondContactState_Maine, Maine | SecondContactState_Maryland, Maryland | SecondContactState_Massachusetts, Massachusetts | SecondContactState_Michigan, Michigan | SecondContactState_Minnesota, Minnesota | SecondContactState_Mississippi, Mississippi | SecondContactState_Missouri, Missouri | SecondContactState_Montana, Montana | SecondContactState_Nebraska, Nebraska | SecondContactState_Nevada, Nevada | SecondContactState_NewHampshire, New Hampshire | SecondContactState_NewJersey, New Jersey | SecondContactState_NewMexico, New Mexico | SecondContactState_NewYork, New York | SecondContactState_NorthCarolina, North Carolina | SecondContactState_NorthDakota, North Dakota | SecondContactState_Ohio, Ohio | SecondContactState_Oklahoma, Oklahoma | SecondContactState_Oregon, Oregon | SecondContactState_Pennsylvania, Pennsylvania | SecondContactState_RhodeIsland, Rhode Island | SecondContactState_SouthCarolina, South Carolina | SecondContactState_SouthDakota, South Dakota | SecondContactState_Tennessee, Tennessee | SecondContactState_Texas, Texas | SecondContactState_Utah, Utah | SecondContactState_Vermont, Vermont | SecondContactState_Virginia, Virginia | SecondContactState_Washington, Washington | SecondContactState_WestVirginia, West Virginia | SecondContactState_Wisconsin, Wisconsin | SecondContactState_Wyoming, Wyoming | SecondContactState_DistrictofColumbia, District of Columbia","Start Date: 5/30/2017",,,,,,,LV,,,,"REGISTERED_QUESTION_SUPPRESSED, CONTROLLED_QUESTION_SUPPRESSED"
secondcontactsaddress_secondcontactzipcode,the_basics,,text,"Zip Code",,"Start Date: 5/30/2017",zipcode,,,,,,LV,,,,"REGISTERED_QUESTION_SUPPRESSED, CONTROLLED_QUESTION_SUPPRESSED"
secondarycontactinfo_secondcontactsemail,the_basics,,text,"Email Address",,"Start Date: 5/30/2017",email,,,,,,LV,,,,"REGISTERED_QUESTION_SUPPRESSED, CONTROLLED_QUESTION_SUPPRESSED"
secondarycontactinfo_secondcontactsnumber,the_basics,,text,"Phone Number",,"Start Date: 5/30/2017",phone,,,,,,LV,,,,"REGISTERED_QUESTION_SUPPRESSED, CONTROLLED_QUESTION_SUPPRESSED"
secondarycontactinfo_secondcontactsrelationship,the_basics,,radio,"Relationship to You","SecondContactsRelationship_Child, Child | SecondContactsRelationship_Friend, Friend | SecondContactsRelationship_ParentGuardian, Parent or Guardian | SecondContactsRelationship_Relative, Relative | SecondContactsRelationship_SpousePartner, Spouse or Partner","Start Date: 5/30/2017",,,,,,,LV,,,,"REGISTERED_QUESTION_SUPPRESSED, CONTROLLED_QUESTION_SUPPRESSED"
